[0m17:36:08.059468 [debug] [MainThread]: Sending event: {'category': 'dbt', 'action': 'invocation', 'label': 'start', 'context': [<snowplow_tracker.self_describing_json.SelfDescribingJson object at 0x000001F5225D82E0>, <snowplow_tracker.self_describing_json.SelfDescribingJson object at 0x000001F5229A12E0>, <snowplow_tracker.self_describing_json.SelfDescribingJson object at 0x000001F5238787F0>]}


============================== 17:36:08.072206 | d70e6acd-ec23-4b74-bedb-5dbb8577909b ==============================
[0m17:36:08.072206 [info ] [MainThread]: Running with dbt=1.11.0-b3
[0m17:36:08.074827 [debug] [MainThread]: running dbt with arguments {'printer_width': '80', 'indirect_selection': 'eager', 'log_cache_events': 'False', 'write_json': 'True', 'partial_parse': 'True', 'cache_selected_only': 'False', 'warn_error': 'None', 'fail_fast': 'False', 'debug': 'False', 'log_path': 'logs', 'profiles_dir': 'C:\\Users\\devas\\.dbt', 'version_check': 'True', 'use_colors': 'True', 'use_experimental_parser': 'False', 'empty': 'None', 'quiet': 'False', 'no_print': 'None', 'log_format': 'default', 'introspect': 'True', 'invocation_command': 'dbt debug', 'static_parser': 'True', 'target_path': 'None', 'warn_error_options': 'WarnErrorOptionsV2(error=[], warn=[], silence=[])', 'send_anonymous_usage_stats': 'True'}
[0m17:36:08.174370 [info ] [MainThread]: dbt version: 1.11.0-b3
[0m17:36:08.176762 [info ] [MainThread]: python version: 3.9.21
[0m17:36:08.177773 [info ] [MainThread]: python path: C:\Users\devas\anaconda3\python.exe
[0m17:36:08.179781 [info ] [MainThread]: os info: Windows-10-10.0.26100-SP0
[0m17:36:23.971784 [info ] [MainThread]: Using profiles dir at C:\Users\devas\.dbt
[0m17:36:23.973953 [info ] [MainThread]: Using profiles.yml file at C:\Users\devas\.dbt\profiles.yml
[0m17:36:23.974961 [info ] [MainThread]: Using dbt_project.yml file at D:\Learning\GCP Data Engineer\PDE Projects\git-repo\gcp-de-dbt-trans\dbt_project.yml
[0m17:36:23.976948 [error] [MainThread]: Encountered an error:
Internal Error
  Profile should not be None if loading profile completed
[0m17:36:23.980707 [debug] [MainThread]: Command `dbt debug` failed at 17:36:23.978947 after 16.34 seconds
[0m17:36:23.980707 [debug] [MainThread]: Sending event: {'category': 'dbt', 'action': 'invocation', 'label': 'end', 'context': [<snowplow_tracker.self_describing_json.SelfDescribingJson object at 0x000001F5225D82E0>, <snowplow_tracker.self_describing_json.SelfDescribingJson object at 0x000001F52386C370>, <snowplow_tracker.self_describing_json.SelfDescribingJson object at 0x000001F523974A00>]}
[0m17:36:23.982293 [debug] [MainThread]: Flushing usage events
[0m17:36:25.739375 [debug] [MainThread]: An error was encountered while trying to flush usage events
[0m17:38:40.695640 [debug] [MainThread]: Sending event: {'category': 'dbt', 'action': 'invocation', 'label': 'start', 'context': [<snowplow_tracker.self_describing_json.SelfDescribingJson object at 0x00000283B27EA2B0>, <snowplow_tracker.self_describing_json.SelfDescribingJson object at 0x00000283B2C248B0>, <snowplow_tracker.self_describing_json.SelfDescribingJson object at 0x00000283B3A6B430>]}


============================== 17:38:40.708592 | 7789634e-45df-41d5-b53e-fc16a1021a67 ==============================
[0m17:38:40.708592 [info ] [MainThread]: Running with dbt=1.11.0-b3
[0m17:38:40.710932 [debug] [MainThread]: running dbt with arguments {'printer_width': '80', 'indirect_selection': 'eager', 'write_json': 'True', 'log_cache_events': 'False', 'partial_parse': 'True', 'cache_selected_only': 'False', 'profiles_dir': 'C:\\Users\\devas\\.dbt', 'debug': 'False', 'warn_error': 'None', 'log_path': 'logs', 'version_check': 'True', 'fail_fast': 'False', 'use_colors': 'True', 'use_experimental_parser': 'False', 'empty': 'None', 'quiet': 'False', 'no_print': 'None', 'warn_error_options': 'WarnErrorOptionsV2(error=[], warn=[], silence=[])', 'static_parser': 'True', 'log_format': 'default', 'introspect': 'True', 'target_path': 'None', 'invocation_command': 'dbt debug', 'send_anonymous_usage_stats': 'True'}
[0m17:38:40.804820 [info ] [MainThread]: dbt version: 1.11.0-b3
[0m17:38:40.806821 [info ] [MainThread]: python version: 3.9.21
[0m17:38:40.807819 [info ] [MainThread]: python path: C:\Users\devas\anaconda3\python.exe
[0m17:38:40.809845 [info ] [MainThread]: os info: Windows-10-10.0.26100-SP0
[0m17:38:55.493374 [info ] [MainThread]: Using profiles dir at C:\Users\devas\.dbt
[0m17:38:55.495361 [info ] [MainThread]: Using profiles.yml file at C:\Users\devas\.dbt\profiles.yml
[0m17:38:55.497877 [info ] [MainThread]: Using dbt_project.yml file at D:\Learning\GCP Data Engineer\PDE Projects\git-repo\gcp-de-dbt-trans\dbt_project.yml
[0m17:38:55.500206 [error] [MainThread]: Encountered an error:
Internal Error
  Profile should not be None if loading profile completed
[0m17:38:55.504826 [debug] [MainThread]: Command `dbt debug` failed at 17:38:55.504826 after 15.26 seconds
[0m17:38:55.506826 [debug] [MainThread]: Sending event: {'category': 'dbt', 'action': 'invocation', 'label': 'end', 'context': [<snowplow_tracker.self_describing_json.SelfDescribingJson object at 0x00000283B27EA2B0>, <snowplow_tracker.self_describing_json.SelfDescribingJson object at 0x00000283D30C8640>, <snowplow_tracker.self_describing_json.SelfDescribingJson object at 0x00000283B3A6BD30>]}
[0m17:38:55.508804 [debug] [MainThread]: Flushing usage events
[0m17:38:57.190185 [debug] [MainThread]: An error was encountered while trying to flush usage events
[0m17:44:26.156313 [debug] [MainThread]: Sending event: {'category': 'dbt', 'action': 'invocation', 'label': 'start', 'context': [<snowplow_tracker.self_describing_json.SelfDescribingJson object at 0x00000181C7C09250>, <snowplow_tracker.self_describing_json.SelfDescribingJson object at 0x00000181C8EF4550>, <snowplow_tracker.self_describing_json.SelfDescribingJson object at 0x00000181C8EF4340>]}


============================== 17:44:26.178693 | e92092da-3b2e-42a0-a863-5c9f4e21b2e0 ==============================
[0m17:44:26.178693 [info ] [MainThread]: Running with dbt=1.11.0-b3
[0m17:44:26.183696 [debug] [MainThread]: running dbt with arguments {'printer_width': '80', 'indirect_selection': 'eager', 'log_cache_events': 'False', 'write_json': 'True', 'partial_parse': 'True', 'cache_selected_only': 'False', 'profiles_dir': 'C:\\Users\\devas\\.dbt', 'debug': 'False', 'fail_fast': 'False', 'log_path': 'logs', 'version_check': 'True', 'warn_error': 'None', 'use_colors': 'True', 'use_experimental_parser': 'False', 'empty': 'None', 'quiet': 'False', 'no_print': 'None', 'warn_error_options': 'WarnErrorOptionsV2(error=[], warn=[], silence=[])', 'introspect': 'True', 'log_format': 'default', 'invocation_command': 'dbt debug', 'target_path': 'None', 'static_parser': 'True', 'send_anonymous_usage_stats': 'True'}
[0m17:44:26.319662 [info ] [MainThread]: dbt version: 1.11.0-b3
[0m17:44:26.322786 [info ] [MainThread]: python version: 3.9.21
[0m17:44:26.324786 [info ] [MainThread]: python path: C:\Users\devas\anaconda3\python.exe
[0m17:44:26.326778 [info ] [MainThread]: os info: Windows-10-10.0.26100-SP0
[0m17:44:41.448160 [info ] [MainThread]: Using profiles dir at C:\Users\devas\.dbt
[0m17:44:41.488270 [info ] [MainThread]: Using profiles.yml file at C:\Users\devas\.dbt\profiles.yml
[0m17:44:41.490276 [info ] [MainThread]: Using dbt_project.yml file at D:\Learning\GCP Data Engineer\PDE Projects\git-repo\gcp-de-dbt-trans\dbt_project.yml
[0m17:44:41.494274 [error] [MainThread]: Encountered an error:
Internal Error
  Profile should not be None if loading profile completed
[0m17:44:41.499276 [debug] [MainThread]: Command `dbt debug` failed at 17:44:41.498273 after 16.02 seconds
[0m17:44:41.500276 [debug] [MainThread]: Sending event: {'category': 'dbt', 'action': 'invocation', 'label': 'end', 'context': [<snowplow_tracker.self_describing_json.SelfDescribingJson object at 0x00000181C7C09250>, <snowplow_tracker.self_describing_json.SelfDescribingJson object at 0x00000181E84F95B0>, <snowplow_tracker.self_describing_json.SelfDescribingJson object at 0x00000181EE4F9EE0>]}
[0m17:44:41.503282 [debug] [MainThread]: Flushing usage events
[0m17:44:43.172208 [debug] [MainThread]: An error was encountered while trying to flush usage events
[0m17:54:24.726974 [debug] [MainThread]: Sending event: {'category': 'dbt', 'action': 'invocation', 'label': 'start', 'context': [<snowplow_tracker.self_describing_json.SelfDescribingJson object at 0x000002267ADF92B0>, <snowplow_tracker.self_describing_json.SelfDescribingJson object at 0x000002267B2348B0>, <snowplow_tracker.self_describing_json.SelfDescribingJson object at 0x000002267C07B400>]}


============================== 17:54:24.735046 | 88615e20-2c38-4618-a221-8ff07ab4ff93 ==============================
[0m17:54:24.735046 [info ] [MainThread]: Running with dbt=1.11.0-b3
[0m17:54:24.736033 [debug] [MainThread]: running dbt with arguments {'printer_width': '80', 'indirect_selection': 'eager', 'write_json': 'True', 'log_cache_events': 'False', 'partial_parse': 'True', 'cache_selected_only': 'False', 'warn_error': 'None', 'debug': 'False', 'version_check': 'True', 'log_path': 'logs', 'profiles_dir': 'C:\\Users\\devas\\.dbt', 'fail_fast': 'False', 'use_colors': 'True', 'use_experimental_parser': 'False', 'empty': 'None', 'quiet': 'False', 'no_print': 'None', 'warn_error_options': 'WarnErrorOptionsV2(error=[], warn=[], silence=[])', 'introspect': 'True', 'static_parser': 'True', 'log_format': 'default', 'target_path': 'None', 'invocation_command': 'dbt debug', 'send_anonymous_usage_stats': 'True'}
[0m17:54:24.799121 [info ] [MainThread]: dbt version: 1.11.0-b3
[0m17:54:24.800163 [info ] [MainThread]: python version: 3.9.21
[0m17:54:24.802145 [info ] [MainThread]: python path: C:\Users\devas\anaconda3\python.exe
[0m17:54:24.803153 [info ] [MainThread]: os info: Windows-10-10.0.26100-SP0
[0m17:54:35.123236 [info ] [MainThread]: Using profiles dir at C:\Users\devas\.dbt
[0m17:54:35.124084 [info ] [MainThread]: Using profiles.yml file at C:\Users\devas\.dbt\profiles.yml
[0m17:54:35.126098 [info ] [MainThread]: Using dbt_project.yml file at D:\Learning\GCP Data Engineer\PDE Projects\git-repo\gcp-de-dbt-trans\dbt_project.yml
[0m17:54:35.127226 [info ] [MainThread]: adapter type: bigquery
[0m17:54:35.128230 [info ] [MainThread]: adapter version: 1.10.2
[0m17:54:35.129643 [info ] [MainThread]: Configuration:
[0m17:54:35.130695 [info ] [MainThread]:   profiles.yml file [[32mOK found and valid[0m]
[0m17:54:35.131693 [info ] [MainThread]:   dbt_project.yml file [[31mERROR not found[0m]
[0m17:54:35.133697 [info ] [MainThread]: Required dependencies:
[0m17:54:35.134692 [debug] [MainThread]: Executing "git --help"
[0m17:54:35.210955 [debug] [MainThread]: STDOUT: "b"usage: git [-v | --version] [-h | --help] [-C <path>] [-c <name>=<value>]\n           [--exec-path[=<path>]] [--html-path] [--man-path] [--info-path]\n           [-p | --paginate | -P | --no-pager] [--no-replace-objects] [--no-lazy-fetch]\n           [--no-optional-locks] [--no-advice] [--bare] [--git-dir=<path>]\n           [--work-tree=<path>] [--namespace=<name>] [--config-env=<name>=<envvar>]\n           <command> [<args>]\n\nThese are common Git commands used in various situations:\n\nstart a working area (see also: git help tutorial)\n   clone      Clone a repository into a new directory\n   init       Create an empty Git repository or reinitialize an existing one\n\nwork on the current change (see also: git help everyday)\n   add        Add file contents to the index\n   mv         Move or rename a file, a directory, or a symlink\n   restore    Restore working tree files\n   rm         Remove files from the working tree and from the index\n\nexamine the history and state (see also: git help revisions)\n   bisect     Use binary search to find the commit that introduced a bug\n   diff       Show changes between commits, commit and working tree, etc\n   grep       Print lines matching a pattern\n   log        Show commit logs\n   show       Show various types of objects\n   status     Show the working tree status\n\ngrow, mark and tweak your common history\n   backfill   Download missing objects in a partial clone\n   branch     List, create, or delete branches\n   commit     Record changes to the repository\n   merge      Join two or more development histories together\n   rebase     Reapply commits on top of another base tip\n   reset      Reset current HEAD to the specified state\n   switch     Switch branches\n   tag        Create, list, delete or verify a tag object signed with GPG\n\ncollaborate (see also: git help workflows)\n   fetch      Download objects and refs from another repository\n   pull       Fetch from and integrate with another repository or a local branch\n   push       Update remote refs along with associated objects\n\n'git help -a' and 'git help -g' list available subcommands and some\nconcept guides. See 'git help <command>' or 'git help <concept>'\nto read about a specific subcommand or concept.\nSee 'git help git' for an overview of the system.\n""
[0m17:54:35.212943 [debug] [MainThread]: STDERR: "b''"
[0m17:54:35.213938 [info ] [MainThread]:  - git [[32mOK found[0m]

[0m17:54:35.214942 [info ] [MainThread]: Connection:
[0m17:54:35.215940 [info ] [MainThread]:   method: service-account
[0m17:54:35.216706 [info ] [MainThread]:   database: gcp-de-batch-sim-5
[0m17:54:35.217993 [info ] [MainThread]:   execution_project: gcp-de-batch-sim-5
[0m17:54:35.219348 [info ] [MainThread]:   schema: Employee_Details_cur
[0m17:54:35.220563 [info ] [MainThread]:   location: US
[0m17:54:35.221677 [info ] [MainThread]:   priority: interactive
[0m17:54:35.222833 [info ] [MainThread]:   maximum_bytes_billed: None
[0m17:54:35.226448 [info ] [MainThread]:   impersonate_service_account: None
[0m17:54:35.227450 [info ] [MainThread]:   job_retry_deadline_seconds: None
[0m17:54:35.228913 [info ] [MainThread]:   job_retries: 1
[0m17:54:35.229914 [info ] [MainThread]:   job_creation_timeout_seconds: None
[0m17:54:35.231920 [info ] [MainThread]:   job_execution_timeout_seconds: 300
[0m17:54:35.232920 [info ] [MainThread]:   timeout_seconds: 300
[0m17:54:35.233914 [info ] [MainThread]:   client_id: None
[0m17:54:35.235920 [info ] [MainThread]:   token_uri: None
[0m17:54:35.236919 [info ] [MainThread]:   compute_region: None
[0m17:54:35.238226 [info ] [MainThread]:   dataproc_cluster_name: None
[0m17:54:35.239233 [info ] [MainThread]:   gcs_bucket: None
[0m17:54:35.241226 [info ] [MainThread]:   dataproc_batch: None
[0m17:54:35.243734 [info ] [MainThread]: Registered adapter: bigquery=1.10.2
[0m17:54:37.783181 [debug] [MainThread]: Acquiring new bigquery connection 'debug'
[0m17:54:37.784187 [debug] [MainThread]: On debug: select 1 as id
[0m17:54:37.784187 [debug] [MainThread]: Opening a new connection, currently in state init
[0m17:54:39.734263 [debug] [MainThread]: BigQuery adapter: https://console.cloud.google.com/bigquery?project=gcp-de-batch-sim-5&j=bq:US:808cfa37-bcd2-4e1d-a546-c70a3b48875f&page=queryresults
[0m17:54:41.292437 [info ] [MainThread]:   Connection test: [[32mOK connection ok[0m]

[0m17:54:41.294441 [info ] [MainThread]: [31m1 check failed:[0m
[0m17:54:41.296441 [info ] [MainThread]: Project loading failed for the following reason:
 project path <D:\Learning\GCP Data Engineer\PDE Projects\git-repo\gcp-de-dbt-trans\dbt_project.yml> not found

[0m17:54:41.298442 [debug] [MainThread]: Command `dbt debug` failed at 17:54:41.298442 after 16.82 seconds
[0m17:54:41.298442 [debug] [MainThread]: Connection 'debug' was properly closed.
[0m17:54:41.299442 [debug] [MainThread]: Sending event: {'category': 'dbt', 'action': 'invocation', 'label': 'end', 'context': [<snowplow_tracker.self_describing_json.SelfDescribingJson object at 0x000002267ADF92B0>, <snowplow_tracker.self_describing_json.SelfDescribingJson object at 0x0000022621A0C9A0>, <snowplow_tracker.self_describing_json.SelfDescribingJson object at 0x0000022621A0CB20>]}
[0m17:54:41.300443 [debug] [MainThread]: Flushing usage events
[0m17:54:42.660393 [debug] [MainThread]: An error was encountered while trying to flush usage events
[0m18:00:21.539000 [debug] [MainThread]: Sending event: {'category': 'dbt', 'action': 'invocation', 'label': 'start', 'context': [<snowplow_tracker.self_describing_json.SelfDescribingJson object at 0x0000021E9DB891C0>, <snowplow_tracker.self_describing_json.SelfDescribingJson object at 0x0000021E9EE11880>, <snowplow_tracker.self_describing_json.SelfDescribingJson object at 0x0000021E9EE11850>]}


============================== 18:00:21.548496 | 33b79d45-ccaf-48bf-94a7-877686d0213a ==============================
[0m18:00:21.548496 [info ] [MainThread]: Running with dbt=1.11.0-b3
[0m18:00:21.550488 [debug] [MainThread]: running dbt with arguments {'printer_width': '80', 'indirect_selection': 'eager', 'log_cache_events': 'False', 'write_json': 'True', 'partial_parse': 'True', 'cache_selected_only': 'False', 'profiles_dir': 'C:\\Users\\devas\\.dbt', 'fail_fast': 'False', 'debug': 'False', 'log_path': 'logs', 'version_check': 'True', 'warn_error': 'None', 'use_colors': 'True', 'use_experimental_parser': 'False', 'empty': 'None', 'quiet': 'False', 'no_print': 'None', 'log_format': 'default', 'introspect': 'True', 'invocation_command': 'dbt debug --project-dir D:\\Learning\\GCP Data Engineer\\PDE Projects\\git-repo\\gcp-de-dbt-trans', 'static_parser': 'True', 'target_path': 'None', 'warn_error_options': 'WarnErrorOptionsV2(error=[], warn=[], silence=[])', 'send_anonymous_usage_stats': 'True'}
[0m18:00:21.613448 [info ] [MainThread]: dbt version: 1.11.0-b3
[0m18:00:21.614956 [info ] [MainThread]: python version: 3.9.21
[0m18:00:21.616974 [info ] [MainThread]: python path: C:\Users\devas\anaconda3\python.exe
[0m18:00:21.618968 [info ] [MainThread]: os info: Windows-10-10.0.26100-SP0
[0m18:00:33.979557 [info ] [MainThread]: Using profiles dir at C:\Users\devas\.dbt
[0m18:00:33.981571 [info ] [MainThread]: Using profiles.yml file at C:\Users\devas\.dbt\profiles.yml
[0m18:00:33.982561 [info ] [MainThread]: Using dbt_project.yml file at D:\Learning\GCP Data Engineer\PDE Projects\git-repo\gcp-de-dbt-trans\dbt_project.yml
[0m18:00:33.983538 [info ] [MainThread]: adapter type: bigquery
[0m18:00:33.983538 [info ] [MainThread]: adapter version: 1.10.2
[0m18:00:33.984547 [info ] [MainThread]: Configuration:
[0m18:00:33.985864 [info ] [MainThread]:   profiles.yml file [[32mOK found and valid[0m]
[0m18:00:33.986894 [info ] [MainThread]:   dbt_project.yml file [[31mERROR not found[0m]
[0m18:00:33.988889 [info ] [MainThread]: Required dependencies:
[0m18:00:33.990897 [debug] [MainThread]: Executing "git --help"
[0m18:00:34.069550 [debug] [MainThread]: STDOUT: "b"usage: git [-v | --version] [-h | --help] [-C <path>] [-c <name>=<value>]\n           [--exec-path[=<path>]] [--html-path] [--man-path] [--info-path]\n           [-p | --paginate | -P | --no-pager] [--no-replace-objects] [--no-lazy-fetch]\n           [--no-optional-locks] [--no-advice] [--bare] [--git-dir=<path>]\n           [--work-tree=<path>] [--namespace=<name>] [--config-env=<name>=<envvar>]\n           <command> [<args>]\n\nThese are common Git commands used in various situations:\n\nstart a working area (see also: git help tutorial)\n   clone      Clone a repository into a new directory\n   init       Create an empty Git repository or reinitialize an existing one\n\nwork on the current change (see also: git help everyday)\n   add        Add file contents to the index\n   mv         Move or rename a file, a directory, or a symlink\n   restore    Restore working tree files\n   rm         Remove files from the working tree and from the index\n\nexamine the history and state (see also: git help revisions)\n   bisect     Use binary search to find the commit that introduced a bug\n   diff       Show changes between commits, commit and working tree, etc\n   grep       Print lines matching a pattern\n   log        Show commit logs\n   show       Show various types of objects\n   status     Show the working tree status\n\ngrow, mark and tweak your common history\n   backfill   Download missing objects in a partial clone\n   branch     List, create, or delete branches\n   commit     Record changes to the repository\n   merge      Join two or more development histories together\n   rebase     Reapply commits on top of another base tip\n   reset      Reset current HEAD to the specified state\n   switch     Switch branches\n   tag        Create, list, delete or verify a tag object signed with GPG\n\ncollaborate (see also: git help workflows)\n   fetch      Download objects and refs from another repository\n   pull       Fetch from and integrate with another repository or a local branch\n   push       Update remote refs along with associated objects\n\n'git help -a' and 'git help -g' list available subcommands and some\nconcept guides. See 'git help <command>' or 'git help <concept>'\nto read about a specific subcommand or concept.\nSee 'git help git' for an overview of the system.\n""
[0m18:00:34.071045 [debug] [MainThread]: STDERR: "b''"
[0m18:00:34.072104 [info ] [MainThread]:  - git [[32mOK found[0m]

[0m18:00:34.074107 [info ] [MainThread]: Connection:
[0m18:00:34.075103 [info ] [MainThread]:   method: service-account
[0m18:00:34.076221 [info ] [MainThread]:   database: gcp-de-batch-sim-5
[0m18:00:34.077220 [info ] [MainThread]:   execution_project: gcp-de-batch-sim-5
[0m18:00:34.078221 [info ] [MainThread]:   schema: Employee_Details_cur
[0m18:00:34.080228 [info ] [MainThread]:   location: US
[0m18:00:34.081221 [info ] [MainThread]:   priority: interactive
[0m18:00:34.082225 [info ] [MainThread]:   maximum_bytes_billed: None
[0m18:00:34.085229 [info ] [MainThread]:   impersonate_service_account: None
[0m18:00:34.086221 [info ] [MainThread]:   job_retry_deadline_seconds: None
[0m18:00:34.087331 [info ] [MainThread]:   job_retries: 1
[0m18:00:34.088331 [info ] [MainThread]:   job_creation_timeout_seconds: None
[0m18:00:34.089374 [info ] [MainThread]:   job_execution_timeout_seconds: 300
[0m18:00:34.091399 [info ] [MainThread]:   timeout_seconds: 300
[0m18:00:34.092685 [info ] [MainThread]:   client_id: None
[0m18:00:34.093681 [info ] [MainThread]:   token_uri: None
[0m18:00:34.094684 [info ] [MainThread]:   compute_region: None
[0m18:00:34.095850 [info ] [MainThread]:   dataproc_cluster_name: None
[0m18:00:34.096847 [info ] [MainThread]:   gcs_bucket: None
[0m18:00:34.096847 [info ] [MainThread]:   dataproc_batch: None
[0m18:00:34.098241 [info ] [MainThread]: Registered adapter: bigquery=1.10.2
[0m18:00:35.500920 [debug] [MainThread]: Acquiring new bigquery connection 'debug'
[0m18:00:35.500920 [debug] [MainThread]: On debug: select 1 as id
[0m18:00:35.501919 [debug] [MainThread]: Opening a new connection, currently in state init
[0m18:00:37.166750 [debug] [MainThread]: BigQuery adapter: https://console.cloud.google.com/bigquery?project=gcp-de-batch-sim-5&j=bq:US:ec0039cc-b68b-4beb-b7f5-e026e2602e85&page=queryresults
[0m18:00:38.814599 [info ] [MainThread]:   Connection test: [[32mOK connection ok[0m]

[0m18:00:38.816614 [info ] [MainThread]: [31m1 check failed:[0m
[0m18:00:38.816614 [info ] [MainThread]: Project loading failed for the following reason:
 project path <D:\Learning\GCP Data Engineer\PDE Projects\git-repo\gcp-de-dbt-trans\dbt_project.yml> not found

[0m18:00:38.819937 [debug] [MainThread]: Command `dbt debug` failed at 18:00:38.818845 after 17.54 seconds
[0m18:00:38.819937 [debug] [MainThread]: Connection 'debug' was properly closed.
[0m18:00:38.821217 [debug] [MainThread]: Sending event: {'category': 'dbt', 'action': 'invocation', 'label': 'end', 'context': [<snowplow_tracker.self_describing_json.SelfDescribingJson object at 0x0000021E9DB891C0>, <snowplow_tracker.self_describing_json.SelfDescribingJson object at 0x0000021E9EF8F130>, <snowplow_tracker.self_describing_json.SelfDescribingJson object at 0x0000021EC44FBFD0>]}
[0m18:00:38.821217 [debug] [MainThread]: Flushing usage events
[0m18:00:40.286230 [debug] [MainThread]: An error was encountered while trying to flush usage events
[0m18:04:37.623325 [debug] [MainThread]: Sending event: {'category': 'dbt', 'action': 'invocation', 'label': 'start', 'context': [<snowplow_tracker.self_describing_json.SelfDescribingJson object at 0x0000014DCCBD82E0>, <snowplow_tracker.self_describing_json.SelfDescribingJson object at 0x0000014DCCFA12E0>, <snowplow_tracker.self_describing_json.SelfDescribingJson object at 0x0000014DCDE787F0>]}


============================== 18:04:37.629196 | 4f0b7aa5-ad34-42f5-b32c-a2a602ae34f5 ==============================
[0m18:04:37.629196 [info ] [MainThread]: Running with dbt=1.11.0-b3
[0m18:04:37.632093 [debug] [MainThread]: running dbt with arguments {'printer_width': '80', 'indirect_selection': 'eager', 'write_json': 'True', 'log_cache_events': 'False', 'partial_parse': 'True', 'cache_selected_only': 'False', 'warn_error': 'None', 'debug': 'False', 'profiles_dir': 'C:\\Users\\devas\\.dbt', 'log_path': 'D:\\Learning\\GCP Data Engineer\\PDE Projects\\git-repo\\gcp-de-dbt-trans\\logs', 'version_check': 'True', 'fail_fast': 'False', 'use_colors': 'True', 'use_experimental_parser': 'False', 'no_print': 'None', 'quiet': 'False', 'empty': 'None', 'warn_error_options': 'WarnErrorOptionsV2(error=[], warn=[], silence=[])', 'static_parser': 'True', 'log_format': 'default', 'invocation_command': 'dbt debug', 'target_path': 'None', 'introspect': 'True', 'send_anonymous_usage_stats': 'True'}
[0m18:04:37.672527 [info ] [MainThread]: dbt version: 1.11.0-b3
[0m18:04:37.673528 [info ] [MainThread]: python version: 3.9.21
[0m18:04:37.674528 [info ] [MainThread]: python path: C:\Users\devas\anaconda3\python.exe
[0m18:04:37.675531 [info ] [MainThread]: os info: Windows-10-10.0.26100-SP0
[0m18:04:44.415653 [info ] [MainThread]: Using profiles dir at C:\Users\devas\.dbt
[0m18:04:44.416635 [info ] [MainThread]: Using profiles.yml file at C:\Users\devas\.dbt\profiles.yml
[0m18:04:44.418639 [info ] [MainThread]: Using dbt_project.yml file at D:\Learning\GCP Data Engineer\PDE Projects\git-repo\gcp-de-dbt-trans\dbt_project.yml
[0m18:04:44.419647 [info ] [MainThread]: adapter type: bigquery
[0m18:04:44.420631 [info ] [MainThread]: adapter version: 1.10.2
[0m18:04:44.590301 [info ] [MainThread]: Configuration:
[0m18:04:44.592295 [info ] [MainThread]:   profiles.yml file [[32mOK found and valid[0m]
[0m18:04:44.593298 [info ] [MainThread]:   dbt_project.yml file [[32mOK found and valid[0m]
[0m18:04:44.594298 [info ] [MainThread]: Required dependencies:
[0m18:04:44.595296 [debug] [MainThread]: Executing "git --help"
[0m18:04:44.666054 [debug] [MainThread]: STDOUT: "b"usage: git [-v | --version] [-h | --help] [-C <path>] [-c <name>=<value>]\n           [--exec-path[=<path>]] [--html-path] [--man-path] [--info-path]\n           [-p | --paginate | -P | --no-pager] [--no-replace-objects] [--no-lazy-fetch]\n           [--no-optional-locks] [--no-advice] [--bare] [--git-dir=<path>]\n           [--work-tree=<path>] [--namespace=<name>] [--config-env=<name>=<envvar>]\n           <command> [<args>]\n\nThese are common Git commands used in various situations:\n\nstart a working area (see also: git help tutorial)\n   clone      Clone a repository into a new directory\n   init       Create an empty Git repository or reinitialize an existing one\n\nwork on the current change (see also: git help everyday)\n   add        Add file contents to the index\n   mv         Move or rename a file, a directory, or a symlink\n   restore    Restore working tree files\n   rm         Remove files from the working tree and from the index\n\nexamine the history and state (see also: git help revisions)\n   bisect     Use binary search to find the commit that introduced a bug\n   diff       Show changes between commits, commit and working tree, etc\n   grep       Print lines matching a pattern\n   log        Show commit logs\n   show       Show various types of objects\n   status     Show the working tree status\n\ngrow, mark and tweak your common history\n   backfill   Download missing objects in a partial clone\n   branch     List, create, or delete branches\n   commit     Record changes to the repository\n   merge      Join two or more development histories together\n   rebase     Reapply commits on top of another base tip\n   reset      Reset current HEAD to the specified state\n   switch     Switch branches\n   tag        Create, list, delete or verify a tag object signed with GPG\n\ncollaborate (see also: git help workflows)\n   fetch      Download objects and refs from another repository\n   pull       Fetch from and integrate with another repository or a local branch\n   push       Update remote refs along with associated objects\n\n'git help -a' and 'git help -g' list available subcommands and some\nconcept guides. See 'git help <command>' or 'git help <concept>'\nto read about a specific subcommand or concept.\nSee 'git help git' for an overview of the system.\n""
[0m18:04:44.667055 [debug] [MainThread]: STDERR: "b''"
[0m18:04:44.668163 [info ] [MainThread]:  - git [[32mOK found[0m]

[0m18:04:44.669183 [info ] [MainThread]: Connection:
[0m18:04:44.670179 [info ] [MainThread]:   method: service-account
[0m18:04:44.671181 [info ] [MainThread]:   database: gcp-de-batch-sim-5
[0m18:04:44.672180 [info ] [MainThread]:   execution_project: gcp-de-batch-sim-5
[0m18:04:44.673191 [info ] [MainThread]:   schema: Employee_Details_cur
[0m18:04:44.674200 [info ] [MainThread]:   location: US
[0m18:04:44.675386 [info ] [MainThread]:   priority: interactive
[0m18:04:44.676507 [info ] [MainThread]:   maximum_bytes_billed: None
[0m18:04:44.677524 [info ] [MainThread]:   impersonate_service_account: None
[0m18:04:44.678523 [info ] [MainThread]:   job_retry_deadline_seconds: None
[0m18:04:44.679531 [info ] [MainThread]:   job_retries: 1
[0m18:04:44.680937 [info ] [MainThread]:   job_creation_timeout_seconds: None
[0m18:04:44.682312 [info ] [MainThread]:   job_execution_timeout_seconds: 300
[0m18:04:44.683576 [info ] [MainThread]:   timeout_seconds: 300
[0m18:04:44.684600 [info ] [MainThread]:   client_id: None
[0m18:04:44.685612 [info ] [MainThread]:   token_uri: None
[0m18:04:44.686608 [info ] [MainThread]:   compute_region: None
[0m18:04:44.686608 [info ] [MainThread]:   dataproc_cluster_name: None
[0m18:04:44.688128 [info ] [MainThread]:   gcs_bucket: None
[0m18:04:44.689146 [info ] [MainThread]:   dataproc_batch: None
[0m18:04:44.691656 [info ] [MainThread]: Registered adapter: bigquery=1.10.2
[0m18:04:45.862738 [debug] [MainThread]: Sending event: {'category': 'dbt', 'action': 'invocation', 'label': 'start', 'context': [<snowplow_tracker.self_describing_json.SelfDescribingJson object at 0x0000020D65B4D1F0>, <snowplow_tracker.self_describing_json.SelfDescribingJson object at 0x0000020D66E63CA0>, <snowplow_tracker.self_describing_json.SelfDescribingJson object at 0x0000020D66E63E50>]}


============================== 18:04:45.869141 | 7b313b3f-5e5c-4bc9-969f-accfdd6b05a7 ==============================
[0m18:04:45.869141 [info ] [MainThread]: Running with dbt=1.11.0-b3
[0m18:04:45.870157 [debug] [MainThread]: running dbt with arguments {'printer_width': '80', 'indirect_selection': 'eager', 'log_cache_events': 'False', 'write_json': 'True', 'partial_parse': 'True', 'cache_selected_only': 'False', 'warn_error': 'None', 'fail_fast': 'False', 'version_check': 'True', 'log_path': 'd:\\Learning\\GCP Data Engineer\\PDE Projects\\git-repo\\gcp-de-dbt-trans\\logs', 'profiles_dir': 'C:\\Users\\devas\\.dbt', 'debug': 'False', 'use_colors': 'True', 'use_experimental_parser': 'False', 'empty': 'None', 'quiet': 'False', 'no_print': 'None', 'log_format': 'default', 'invocation_command': 'dbt ', 'warn_error_options': 'WarnErrorOptionsV2(error=[], warn=[], silence=[])', 'static_parser': 'True', 'target_path': 'None', 'introspect': 'True', 'send_anonymous_usage_stats': 'True'}
[0m18:04:45.930363 [debug] [MainThread]: Acquiring new bigquery connection 'debug'
[0m18:04:45.931373 [debug] [MainThread]: On debug: select 1 as id
[0m18:04:45.932358 [debug] [MainThread]: Opening a new connection, currently in state init
[0m18:04:46.195181 [debug] [MainThread]: Sending event: {'category': 'dbt', 'action': 'project_id', 'label': '7b313b3f-5e5c-4bc9-969f-accfdd6b05a7', 'context': [<snowplow_tracker.self_describing_json.SelfDescribingJson object at 0x0000020D63B5BA60>]}
[0m18:04:46.255249 [info ] [MainThread]: Warning: No packages were found in packages.yml
[0m18:04:46.258771 [info ] [MainThread]: Warning: No packages were found in packages.yml
[0m18:04:46.261141 [debug] [MainThread]: Command `cli deps` succeeded at 18:04:46.260009 after 0.59 seconds
[0m18:04:46.261141 [debug] [MainThread]: Sending event: {'category': 'dbt', 'action': 'invocation', 'label': 'end', 'context': [<snowplow_tracker.self_describing_json.SelfDescribingJson object at 0x0000020D65B4D1F0>, <snowplow_tracker.self_describing_json.SelfDescribingJson object at 0x0000020D638099D0>, <snowplow_tracker.self_describing_json.SelfDescribingJson object at 0x0000020D66F78F10>]}
[0m18:04:46.262323 [debug] [MainThread]: Flushing usage events
[0m18:04:47.585786 [debug] [MainThread]: BigQuery adapter: https://console.cloud.google.com/bigquery?project=gcp-de-batch-sim-5&j=bq:US:f903282b-4024-4092-b882-400173e222e9&page=queryresults
[0m18:04:48.064916 [debug] [MainThread]: An error was encountered while trying to flush usage events
[0m18:04:49.016411 [info ] [MainThread]:   Connection test: [[32mOK connection ok[0m]

[0m18:04:49.017412 [info ] [MainThread]: [32mAll checks passed![0m
[0m18:04:49.019418 [debug] [MainThread]: Command `dbt debug` succeeded at 18:04:49.019418 after 11.61 seconds
[0m18:04:49.021420 [debug] [MainThread]: Connection 'debug' was properly closed.
[0m18:04:49.022411 [debug] [MainThread]: Sending event: {'category': 'dbt', 'action': 'invocation', 'label': 'end', 'context': [<snowplow_tracker.self_describing_json.SelfDescribingJson object at 0x0000014DCCBD82E0>, <snowplow_tracker.self_describing_json.SelfDescribingJson object at 0x0000014DCDFA45E0>, <snowplow_tracker.self_describing_json.SelfDescribingJson object at 0x0000014DF360A730>]}
[0m18:04:49.023416 [debug] [MainThread]: Flushing usage events
[0m18:04:50.233042 [debug] [MainThread]: An error was encountered while trying to flush usage events
[0m18:06:08.329355 [debug] [MainThread]: Sending event: {'category': 'dbt', 'action': 'invocation', 'label': 'start', 'context': [<snowplow_tracker.self_describing_json.SelfDescribingJson object at 0x000001F10EB09250>, <snowplow_tracker.self_describing_json.SelfDescribingJson object at 0x000001F10FE1FEB0>, <snowplow_tracker.self_describing_json.SelfDescribingJson object at 0x000001F10FE1F220>]}


============================== 18:06:08.334362 | 13240168-a739-4758-8091-fad38e0f6903 ==============================
[0m18:06:08.334362 [info ] [MainThread]: Running with dbt=1.11.0-b3
[0m18:06:08.336389 [debug] [MainThread]: running dbt with arguments {'printer_width': '80', 'indirect_selection': 'eager', 'write_json': 'True', 'log_cache_events': 'False', 'partial_parse': 'True', 'cache_selected_only': 'False', 'profiles_dir': 'C:\\Users\\devas\\.dbt', 'fail_fast': 'False', 'debug': 'False', 'log_path': 'D:\\Learning\\GCP Data Engineer\\PDE Projects\\git-repo\\gcp-de-dbt-trans\\logs', 'version_check': 'True', 'warn_error': 'None', 'use_colors': 'True', 'use_experimental_parser': 'False', 'empty': 'False', 'quiet': 'False', 'no_print': 'None', 'warn_error_options': 'WarnErrorOptionsV2(error=[], warn=[], silence=[])', 'introspect': 'True', 'static_parser': 'True', 'log_format': 'default', 'target_path': 'None', 'invocation_command': 'dbt run', 'send_anonymous_usage_stats': 'True'}
[0m18:06:16.350674 [debug] [MainThread]: Sending event: {'category': 'dbt', 'action': 'project_id', 'label': '13240168-a739-4758-8091-fad38e0f6903', 'context': [<snowplow_tracker.self_describing_json.SelfDescribingJson object at 0x000001F10C7C1DF0>]}
[0m18:06:16.455478 [debug] [MainThread]: Sending event: {'category': 'dbt', 'action': 'adapter_info', 'label': '13240168-a739-4758-8091-fad38e0f6903', 'context': [<snowplow_tracker.self_describing_json.SelfDescribingJson object at 0x000001F1353FAFA0>]}
[0m18:06:16.456547 [info ] [MainThread]: Registered adapter: bigquery=1.10.2
[0m18:06:17.679815 [debug] [MainThread]: checksum: e63134dccc1251cfb572caf0e4aa952f030c125ee3634f3bf2c0a2e1bb6ae349, vars: {}, profile: , target: , version: 1.11.0b3
[0m18:06:18.021234 [debug] [MainThread]: Partial parsing enabled: 0 files deleted, 0 files added, 0 files changed.
[0m18:06:18.023033 [debug] [MainThread]: Partial parsing enabled, no changes found, skipping parsing
[0m18:06:18.025791 [warn ] [MainThread]: [[33mWARNING[0m]: Configuration paths exist in your dbt_project.yml file which do not apply to any resources.
There are 2 unused configuration paths:
- models.dbt_employee_details.curation
- models.dbt_employee_details.staging
[0m18:06:18.032872 [debug] [MainThread]: Sending event: {'category': 'dbt', 'action': 'load_project', 'label': '13240168-a739-4758-8091-fad38e0f6903', 'context': [<snowplow_tracker.self_describing_json.SelfDescribingJson object at 0x000001F135B07130>]}
[0m18:06:18.123151 [debug] [MainThread]: Wrote artifact WritableManifest to D:\Learning\GCP Data Engineer\PDE Projects\git-repo\gcp-de-dbt-trans\target\manifest.json
[0m18:06:18.139146 [debug] [MainThread]: Wrote artifact SemanticManifest to D:\Learning\GCP Data Engineer\PDE Projects\git-repo\gcp-de-dbt-trans\target\semantic_manifest.json
[0m18:06:18.220400 [debug] [MainThread]: Sending event: {'category': 'dbt', 'action': 'resource_counts', 'label': '13240168-a739-4758-8091-fad38e0f6903', 'context': [<snowplow_tracker.self_describing_json.SelfDescribingJson object at 0x000001F135AD9700>]}
[0m18:06:18.222406 [info ] [MainThread]: Found 508 macros
[0m18:06:18.223401 [debug] [MainThread]: Sending event: {'category': 'dbt', 'action': 'runnable_timing', 'label': '13240168-a739-4758-8091-fad38e0f6903', 'context': [<snowplow_tracker.self_describing_json.SelfDescribingJson object at 0x000001F135AF4FA0>]}
[0m18:06:18.225398 [warn ] [MainThread]: Nothing to do. Try checking your model configs and model specification args
[0m18:06:18.229396 [debug] [MainThread]: Command end result
[0m18:06:18.262079 [debug] [MainThread]: Wrote artifact WritableManifest to D:\Learning\GCP Data Engineer\PDE Projects\git-repo\gcp-de-dbt-trans\target\manifest.json
[0m18:06:18.270381 [debug] [MainThread]: Wrote artifact SemanticManifest to D:\Learning\GCP Data Engineer\PDE Projects\git-repo\gcp-de-dbt-trans\target\semantic_manifest.json
[0m18:06:18.279785 [debug] [MainThread]: Wrote artifact RunExecutionResult to D:\Learning\GCP Data Engineer\PDE Projects\git-repo\gcp-de-dbt-trans\target\run_results.json
[0m18:06:18.281785 [debug] [MainThread]: Command `dbt run` succeeded at 18:06:18.281785 after 10.14 seconds
[0m18:06:18.283788 [debug] [MainThread]: Sending event: {'category': 'dbt', 'action': 'invocation', 'label': 'end', 'context': [<snowplow_tracker.self_describing_json.SelfDescribingJson object at 0x000001F10EB09250>, <snowplow_tracker.self_describing_json.SelfDescribingJson object at 0x000001F135AD9700>, <snowplow_tracker.self_describing_json.SelfDescribingJson object at 0x000001F1355EA4C0>]}
[0m18:06:18.285786 [debug] [MainThread]: Flushing usage events
[0m18:06:19.707435 [debug] [MainThread]: An error was encountered while trying to flush usage events
[0m18:08:41.637705 [debug] [MainThread]: Sending event: {'category': 'dbt', 'action': 'invocation', 'label': 'start', 'context': [<snowplow_tracker.self_describing_json.SelfDescribingJson object at 0x000001431F7592B0>, <snowplow_tracker.self_describing_json.SelfDescribingJson object at 0x0000014320A6EF40>, <snowplow_tracker.self_describing_json.SelfDescribingJson object at 0x0000014320A6E190>]}


============================== 18:08:41.645701 | f8525d10-1a84-4ba0-93c5-0f5a871e05d9 ==============================
[0m18:08:41.645701 [info ] [MainThread]: Running with dbt=1.11.0-b3
[0m18:08:41.647707 [debug] [MainThread]: running dbt with arguments {'printer_width': '80', 'indirect_selection': 'eager', 'write_json': 'True', 'log_cache_events': 'False', 'partial_parse': 'True', 'cache_selected_only': 'False', 'warn_error': 'None', 'version_check': 'True', 'profiles_dir': 'C:\\Users\\devas\\.dbt', 'log_path': 'logs', 'fail_fast': 'False', 'debug': 'False', 'use_colors': 'True', 'use_experimental_parser': 'False', 'no_print': 'None', 'quiet': 'False', 'empty': 'False', 'log_format': 'default', 'introspect': 'True', 'warn_error_options': 'WarnErrorOptionsV2(error=[], warn=[], silence=[])', 'invocation_command': 'dbt run --project-dir D:\\Learning\\GCP Data Engineer\\PDE Projects\\git-repo\\gcp-de-dbt-trans\\gcp-de-batch-sim', 'target_path': 'None', 'static_parser': 'True', 'send_anonymous_usage_stats': 'True'}
[0m18:08:41.648705 [error] [MainThread]: Encountered an error:
Runtime Error
  No dbt_project.yml found at expected path D:\Learning\GCP Data Engineer\PDE Projects\git-repo\gcp-de-dbt-trans\gcp-de-batch-sim\dbt_project.yml
  Verify that each entry within packages.yml (and their transitive dependencies) contains a file named dbt_project.yml
  
[0m18:08:41.650704 [debug] [MainThread]: Command `dbt run` failed at 18:08:41.650704 after 0.23 seconds
[0m18:08:41.651702 [debug] [MainThread]: Sending event: {'category': 'dbt', 'action': 'invocation', 'label': 'end', 'context': [<snowplow_tracker.self_describing_json.SelfDescribingJson object at 0x000001431F7592B0>, <snowplow_tracker.self_describing_json.SelfDescribingJson object at 0x0000014320A6E130>, <snowplow_tracker.self_describing_json.SelfDescribingJson object at 0x0000014320A6E250>]}
[0m18:08:41.651702 [debug] [MainThread]: Flushing usage events
[0m18:08:43.495193 [debug] [MainThread]: An error was encountered while trying to flush usage events
[0m18:13:32.734801 [debug] [MainThread]: Sending event: {'category': 'dbt', 'action': 'invocation', 'label': 'start', 'context': [<snowplow_tracker.self_describing_json.SelfDescribingJson object at 0x0000025CC6BD92B0>, <snowplow_tracker.self_describing_json.SelfDescribingJson object at 0x0000025CC7EF0F10>, <snowplow_tracker.self_describing_json.SelfDescribingJson object at 0x0000025CC7EF0250>]}


============================== 18:13:32.742122 | 6e1a561a-6a67-4920-b5e8-f32bac61ef3a ==============================
[0m18:13:32.742122 [info ] [MainThread]: Running with dbt=1.11.0-b3
[0m18:13:32.744121 [debug] [MainThread]: running dbt with arguments {'printer_width': '80', 'indirect_selection': 'eager', 'write_json': 'True', 'log_cache_events': 'False', 'partial_parse': 'True', 'cache_selected_only': 'False', 'profiles_dir': 'C:\\Users\\devas\\.dbt', 'debug': 'False', 'version_check': 'True', 'log_path': 'D:\\Learning\\GCP Data Engineer\\PDE Projects\\git-repo\\gcp-de-dbt-trans\\logs', 'fail_fast': 'False', 'warn_error': 'None', 'use_colors': 'True', 'use_experimental_parser': 'False', 'no_print': 'None', 'quiet': 'False', 'empty': 'False', 'log_format': 'default', 'static_parser': 'True', 'introspect': 'True', 'warn_error_options': 'WarnErrorOptionsV2(error=[], warn=[], silence=[])', 'target_path': 'None', 'invocation_command': 'dbt run --select staging --project-dir D:\\Learning\\GCP Data Engineer\\PDE Projects\\git-repo\\gcp-de-dbt-trans', 'send_anonymous_usage_stats': 'True'}
[0m18:13:43.538479 [debug] [MainThread]: Sending event: {'category': 'dbt', 'action': 'project_id', 'label': '6e1a561a-6a67-4920-b5e8-f32bac61ef3a', 'context': [<snowplow_tracker.self_describing_json.SelfDescribingJson object at 0x0000025CED47A820>]}
[0m18:13:43.649235 [debug] [MainThread]: Sending event: {'category': 'dbt', 'action': 'adapter_info', 'label': '6e1a561a-6a67-4920-b5e8-f32bac61ef3a', 'context': [<snowplow_tracker.self_describing_json.SelfDescribingJson object at 0x0000025CC4B9D070>]}
[0m18:13:43.651234 [info ] [MainThread]: Registered adapter: bigquery=1.10.2
[0m18:13:45.208986 [debug] [MainThread]: checksum: e63134dccc1251cfb572caf0e4aa952f030c125ee3634f3bf2c0a2e1bb6ae349, vars: {}, profile: , target: , version: 1.11.0b3
[0m18:13:45.814721 [debug] [MainThread]: Partial parsing enabled: 0 files deleted, 0 files added, 0 files changed.
[0m18:13:45.815721 [debug] [MainThread]: Partial parsing enabled, no changes found, skipping parsing
[0m18:13:45.817721 [warn ] [MainThread]: [[33mWARNING[0m]: Configuration paths exist in your dbt_project.yml file which do not apply to any resources.
There are 2 unused configuration paths:
- models.curation
- models.staging
[0m18:13:45.823724 [debug] [MainThread]: Sending event: {'category': 'dbt', 'action': 'load_project', 'label': '6e1a561a-6a67-4920-b5e8-f32bac61ef3a', 'context': [<snowplow_tracker.self_describing_json.SelfDescribingJson object at 0x0000025CEDBC9130>]}
[0m18:13:45.886917 [debug] [MainThread]: Wrote artifact WritableManifest to D:\Learning\GCP Data Engineer\PDE Projects\git-repo\gcp-de-dbt-trans\target\manifest.json
[0m18:13:45.894030 [debug] [MainThread]: Wrote artifact SemanticManifest to D:\Learning\GCP Data Engineer\PDE Projects\git-repo\gcp-de-dbt-trans\target\semantic_manifest.json
[0m18:13:45.968376 [debug] [MainThread]: Sending event: {'category': 'dbt', 'action': 'resource_counts', 'label': '6e1a561a-6a67-4920-b5e8-f32bac61ef3a', 'context': [<snowplow_tracker.self_describing_json.SelfDescribingJson object at 0x0000025CEDABC610>]}
[0m18:13:45.969374 [info ] [MainThread]: Found 508 macros
[0m18:13:45.970391 [debug] [MainThread]: Sending event: {'category': 'dbt', 'action': 'runnable_timing', 'label': '6e1a561a-6a67-4920-b5e8-f32bac61ef3a', 'context': [<snowplow_tracker.self_describing_json.SelfDescribingJson object at 0x0000025CC55E4730>]}
[0m18:13:45.971387 [warn ] [MainThread]: The selection criterion 'staging' does not match any enabled nodes
[0m18:13:45.973817 [warn ] [MainThread]: Nothing to do. Try checking your model configs and model specification args
[0m18:13:45.976815 [debug] [MainThread]: Command end result
[0m18:13:46.002362 [debug] [MainThread]: Wrote artifact WritableManifest to D:\Learning\GCP Data Engineer\PDE Projects\git-repo\gcp-de-dbt-trans\target\manifest.json
[0m18:13:46.007610 [debug] [MainThread]: Wrote artifact SemanticManifest to D:\Learning\GCP Data Engineer\PDE Projects\git-repo\gcp-de-dbt-trans\target\semantic_manifest.json
[0m18:13:46.014622 [debug] [MainThread]: Wrote artifact RunExecutionResult to D:\Learning\GCP Data Engineer\PDE Projects\git-repo\gcp-de-dbt-trans\target\run_results.json
[0m18:13:46.016616 [debug] [MainThread]: Command `dbt run` succeeded at 18:13:46.016616 after 13.50 seconds
[0m18:13:46.017607 [debug] [MainThread]: Sending event: {'category': 'dbt', 'action': 'invocation', 'label': 'end', 'context': [<snowplow_tracker.self_describing_json.SelfDescribingJson object at 0x0000025CC6BD92B0>, <snowplow_tracker.self_describing_json.SelfDescribingJson object at 0x0000025CC55A7C10>, <snowplow_tracker.self_describing_json.SelfDescribingJson object at 0x0000025CC4B9D070>]}
[0m18:13:46.018617 [debug] [MainThread]: Flushing usage events
[0m18:13:47.579473 [debug] [MainThread]: An error was encountered while trying to flush usage events
[0m18:15:00.133247 [debug] [MainThread]: Sending event: {'category': 'dbt', 'action': 'invocation', 'label': 'start', 'context': [<snowplow_tracker.self_describing_json.SelfDescribingJson object at 0x00000251F3469250>, <snowplow_tracker.self_describing_json.SelfDescribingJson object at 0x00000251F4780F40>, <snowplow_tracker.self_describing_json.SelfDescribingJson object at 0x00000251F47801C0>]}


============================== 18:15:00.141744 | afa89a98-85f8-4147-be70-e25c7baaa1a2 ==============================
[0m18:15:00.141744 [info ] [MainThread]: Running with dbt=1.11.0-b3
[0m18:15:00.143269 [debug] [MainThread]: running dbt with arguments {'printer_width': '80', 'indirect_selection': 'eager', 'write_json': 'True', 'log_cache_events': 'False', 'partial_parse': 'True', 'cache_selected_only': 'False', 'warn_error': 'None', 'fail_fast': 'False', 'profiles_dir': 'C:\\Users\\devas\\.dbt', 'log_path': 'D:\\Learning\\GCP Data Engineer\\PDE Projects\\git-repo\\gcp-de-dbt-trans\\logs', 'debug': 'False', 'version_check': 'True', 'use_colors': 'True', 'use_experimental_parser': 'False', 'empty': 'False', 'quiet': 'False', 'no_print': 'None', 'log_format': 'default', 'introspect': 'True', 'invocation_command': 'dbt run --select staging --project-dir D:\\Learning\\GCP Data Engineer\\PDE Projects\\git-repo\\gcp-de-dbt-trans', 'static_parser': 'True', 'target_path': 'None', 'warn_error_options': 'WarnErrorOptionsV2(error=[], warn=[], silence=[])', 'send_anonymous_usage_stats': 'True'}
[0m18:15:09.078829 [debug] [MainThread]: Sending event: {'category': 'dbt', 'action': 'project_id', 'label': 'afa89a98-85f8-4147-be70-e25c7baaa1a2', 'context': [<snowplow_tracker.self_describing_json.SelfDescribingJson object at 0x00000251F4172BB0>]}
[0m18:15:09.171593 [debug] [MainThread]: Sending event: {'category': 'dbt', 'action': 'adapter_info', 'label': 'afa89a98-85f8-4147-be70-e25c7baaa1a2', 'context': [<snowplow_tracker.self_describing_json.SelfDescribingJson object at 0x0000025199F974C0>]}
[0m18:15:09.172667 [info ] [MainThread]: Registered adapter: bigquery=1.10.2
[0m18:15:10.220203 [debug] [MainThread]: checksum: e63134dccc1251cfb572caf0e4aa952f030c125ee3634f3bf2c0a2e1bb6ae349, vars: {}, profile: , target: , version: 1.11.0b3
[0m18:15:10.504214 [debug] [MainThread]: Partial parsing enabled: 0 files deleted, 0 files added, 0 files changed.
[0m18:15:10.505214 [debug] [MainThread]: Partial parsing enabled, no changes found, skipping parsing
[0m18:15:10.506216 [warn ] [MainThread]: [[33mWARNING[0m]: Configuration paths exist in your dbt_project.yml file which do not apply to any resources.
There are 2 unused configuration paths:
- models.curation.employee_details_cur
- models.staging.Employee_Details_stg
[0m18:15:10.514395 [debug] [MainThread]: Sending event: {'category': 'dbt', 'action': 'load_project', 'label': 'afa89a98-85f8-4147-be70-e25c7baaa1a2', 'context': [<snowplow_tracker.self_describing_json.SelfDescribingJson object at 0x000002519A6E9130>]}
[0m18:15:10.589196 [debug] [MainThread]: Wrote artifact WritableManifest to D:\Learning\GCP Data Engineer\PDE Projects\git-repo\gcp-de-dbt-trans\target\manifest.json
[0m18:15:10.596495 [debug] [MainThread]: Wrote artifact SemanticManifest to D:\Learning\GCP Data Engineer\PDE Projects\git-repo\gcp-de-dbt-trans\target\semantic_manifest.json
[0m18:15:10.662373 [debug] [MainThread]: Sending event: {'category': 'dbt', 'action': 'resource_counts', 'label': 'afa89a98-85f8-4147-be70-e25c7baaa1a2', 'context': [<snowplow_tracker.self_describing_json.SelfDescribingJson object at 0x000002519A6CAFA0>]}
[0m18:15:10.664377 [info ] [MainThread]: Found 508 macros
[0m18:15:10.665376 [debug] [MainThread]: Sending event: {'category': 'dbt', 'action': 'runnable_timing', 'label': 'afa89a98-85f8-4147-be70-e25c7baaa1a2', 'context': [<snowplow_tracker.self_describing_json.SelfDescribingJson object at 0x0000025199FE7E50>]}
[0m18:15:10.667372 [warn ] [MainThread]: The selection criterion 'staging' does not match any enabled nodes
[0m18:15:10.669369 [warn ] [MainThread]: Nothing to do. Try checking your model configs and model specification args
[0m18:15:10.673286 [debug] [MainThread]: Command end result
[0m18:15:10.704971 [debug] [MainThread]: Wrote artifact WritableManifest to D:\Learning\GCP Data Engineer\PDE Projects\git-repo\gcp-de-dbt-trans\target\manifest.json
[0m18:15:10.710970 [debug] [MainThread]: Wrote artifact SemanticManifest to D:\Learning\GCP Data Engineer\PDE Projects\git-repo\gcp-de-dbt-trans\target\semantic_manifest.json
[0m18:15:10.721982 [debug] [MainThread]: Wrote artifact RunExecutionResult to D:\Learning\GCP Data Engineer\PDE Projects\git-repo\gcp-de-dbt-trans\target\run_results.json
[0m18:15:10.724981 [debug] [MainThread]: Command `dbt run` succeeded at 18:15:10.724981 after 10.82 seconds
[0m18:15:10.726976 [debug] [MainThread]: Sending event: {'category': 'dbt', 'action': 'invocation', 'label': 'end', 'context': [<snowplow_tracker.self_describing_json.SelfDescribingJson object at 0x00000251F3469250>, <snowplow_tracker.self_describing_json.SelfDescribingJson object at 0x000002519A099940>, <snowplow_tracker.self_describing_json.SelfDescribingJson object at 0x0000025199F974C0>]}
[0m18:15:10.728057 [debug] [MainThread]: Flushing usage events
[0m18:15:12.315017 [debug] [MainThread]: An error was encountered while trying to flush usage events
[0m18:15:56.417149 [debug] [MainThread]: Sending event: {'category': 'dbt', 'action': 'invocation', 'label': 'start', 'context': [<snowplow_tracker.self_describing_json.SelfDescribingJson object at 0x00000238A7109310>, <snowplow_tracker.self_describing_json.SelfDescribingJson object at 0x00000238A8420F70>, <snowplow_tracker.self_describing_json.SelfDescribingJson object at 0x00000238A8420220>]}


============================== 18:15:56.425028 | 00554d82-1eec-4d89-ac57-785ffbba636a ==============================
[0m18:15:56.425028 [info ] [MainThread]: Running with dbt=1.11.0-b3
[0m18:15:56.426034 [debug] [MainThread]: running dbt with arguments {'printer_width': '80', 'indirect_selection': 'eager', 'write_json': 'True', 'log_cache_events': 'False', 'partial_parse': 'True', 'cache_selected_only': 'False', 'warn_error': 'None', 'debug': 'False', 'profiles_dir': 'C:\\Users\\devas\\.dbt', 'log_path': 'D:\\Learning\\GCP Data Engineer\\PDE Projects\\git-repo\\gcp-de-dbt-trans\\logs', 'version_check': 'True', 'fail_fast': 'False', 'use_colors': 'True', 'use_experimental_parser': 'False', 'no_print': 'None', 'quiet': 'False', 'empty': 'False', 'log_format': 'default', 'introspect': 'True', 'invocation_command': 'dbt run --select staging --project-dir D:\\Learning\\GCP Data Engineer\\PDE Projects\\git-repo\\gcp-de-dbt-trans', 'static_parser': 'True', 'target_path': 'None', 'warn_error_options': 'WarnErrorOptionsV2(error=[], warn=[], silence=[])', 'send_anonymous_usage_stats': 'True'}
[0m18:16:05.881943 [debug] [MainThread]: Sending event: {'category': 'dbt', 'action': 'project_id', 'label': '00554d82-1eec-4d89-ac57-785ffbba636a', 'context': [<snowplow_tracker.self_describing_json.SelfDescribingJson object at 0x00000238CD9B2B50>]}
[0m18:16:05.973466 [debug] [MainThread]: Sending event: {'category': 'dbt', 'action': 'adapter_info', 'label': '00554d82-1eec-4d89-ac57-785ffbba636a', 'context': [<snowplow_tracker.self_describing_json.SelfDescribingJson object at 0x00000238CDB0F760>]}
[0m18:16:05.974470 [info ] [MainThread]: Registered adapter: bigquery=1.10.2
[0m18:16:07.045932 [debug] [MainThread]: checksum: e63134dccc1251cfb572caf0e4aa952f030c125ee3634f3bf2c0a2e1bb6ae349, vars: {}, profile: , target: , version: 1.11.0b3
[0m18:16:07.334485 [debug] [MainThread]: Partial parsing enabled: 0 files deleted, 0 files added, 0 files changed.
[0m18:16:07.335625 [debug] [MainThread]: Partial parsing enabled, no changes found, skipping parsing
[0m18:16:07.336673 [warn ] [MainThread]: [[33mWARNING[0m]: Configuration paths exist in your dbt_project.yml file which do not apply to any resources.
There are 2 unused configuration paths:
- models.staging.Employee_Details_stg
- models.curation.employee_details_cur
[0m18:16:07.344200 [debug] [MainThread]: Sending event: {'category': 'dbt', 'action': 'load_project', 'label': '00554d82-1eec-4d89-ac57-785ffbba636a', 'context': [<snowplow_tracker.self_describing_json.SelfDescribingJson object at 0x00000238CE0F9130>]}
[0m18:16:07.418555 [debug] [MainThread]: Wrote artifact WritableManifest to D:\Learning\GCP Data Engineer\PDE Projects\git-repo\gcp-de-dbt-trans\target\manifest.json
[0m18:16:07.426308 [debug] [MainThread]: Wrote artifact SemanticManifest to D:\Learning\GCP Data Engineer\PDE Projects\git-repo\gcp-de-dbt-trans\target\semantic_manifest.json
[0m18:16:07.494071 [debug] [MainThread]: Sending event: {'category': 'dbt', 'action': 'resource_counts', 'label': '00554d82-1eec-4d89-ac57-785ffbba636a', 'context': [<snowplow_tracker.self_describing_json.SelfDescribingJson object at 0x00000238CDFE5F10>]}
[0m18:16:07.495411 [info ] [MainThread]: Found 508 macros
[0m18:16:07.497832 [debug] [MainThread]: Sending event: {'category': 'dbt', 'action': 'runnable_timing', 'label': '00554d82-1eec-4d89-ac57-785ffbba636a', 'context': [<snowplow_tracker.self_describing_json.SelfDescribingJson object at 0x00000238CE0FE0A0>]}
[0m18:16:07.499004 [warn ] [MainThread]: The selection criterion 'staging' does not match any enabled nodes
[0m18:16:07.501519 [warn ] [MainThread]: Nothing to do. Try checking your model configs and model specification args
[0m18:16:07.508466 [debug] [MainThread]: Command end result
[0m18:16:07.544176 [debug] [MainThread]: Wrote artifact WritableManifest to D:\Learning\GCP Data Engineer\PDE Projects\git-repo\gcp-de-dbt-trans\target\manifest.json
[0m18:16:07.550170 [debug] [MainThread]: Wrote artifact SemanticManifest to D:\Learning\GCP Data Engineer\PDE Projects\git-repo\gcp-de-dbt-trans\target\semantic_manifest.json
[0m18:16:07.559171 [debug] [MainThread]: Wrote artifact RunExecutionResult to D:\Learning\GCP Data Engineer\PDE Projects\git-repo\gcp-de-dbt-trans\target\run_results.json
[0m18:16:07.561243 [debug] [MainThread]: Command `dbt run` succeeded at 18:16:07.561243 after 11.37 seconds
[0m18:16:07.563124 [debug] [MainThread]: Sending event: {'category': 'dbt', 'action': 'invocation', 'label': 'end', 'context': [<snowplow_tracker.self_describing_json.SelfDescribingJson object at 0x00000238A7109310>, <snowplow_tracker.self_describing_json.SelfDescribingJson object at 0x00000238CDAEAB80>, <snowplow_tracker.self_describing_json.SelfDescribingJson object at 0x00000238CDB0F760>]}
[0m18:16:07.564135 [debug] [MainThread]: Flushing usage events
[0m18:16:09.053113 [debug] [MainThread]: An error was encountered while trying to flush usage events
[0m18:16:49.024268 [debug] [MainThread]: Sending event: {'category': 'dbt', 'action': 'invocation', 'label': 'start', 'context': [<snowplow_tracker.self_describing_json.SelfDescribingJson object at 0x00000241510B92B0>, <snowplow_tracker.self_describing_json.SelfDescribingJson object at 0x00000241523D0F10>, <snowplow_tracker.self_describing_json.SelfDescribingJson object at 0x00000241523D0250>]}


============================== 18:16:49.030734 | 4a6f1c10-736f-43b6-899a-b0b298a647c8 ==============================
[0m18:16:49.030734 [info ] [MainThread]: Running with dbt=1.11.0-b3
[0m18:16:49.032195 [debug] [MainThread]: running dbt with arguments {'printer_width': '80', 'indirect_selection': 'eager', 'write_json': 'True', 'log_cache_events': 'False', 'partial_parse': 'True', 'cache_selected_only': 'False', 'warn_error': 'None', 'debug': 'False', 'fail_fast': 'False', 'log_path': 'D:\\Learning\\GCP Data Engineer\\PDE Projects\\git-repo\\gcp-de-dbt-trans\\logs', 'version_check': 'True', 'profiles_dir': 'C:\\Users\\devas\\.dbt', 'use_colors': 'True', 'use_experimental_parser': 'False', 'no_print': 'None', 'quiet': 'False', 'empty': 'False', 'log_format': 'default', 'invocation_command': 'dbt run --select staging', 'warn_error_options': 'WarnErrorOptionsV2(error=[], warn=[], silence=[])', 'static_parser': 'True', 'target_path': 'None', 'introspect': 'True', 'send_anonymous_usage_stats': 'True'}
[0m18:16:58.822811 [debug] [MainThread]: Sending event: {'category': 'dbt', 'action': 'project_id', 'label': '4a6f1c10-736f-43b6-899a-b0b298a647c8', 'context': [<snowplow_tracker.self_describing_json.SelfDescribingJson object at 0x000002414F08E1F0>]}
[0m18:16:58.921491 [debug] [MainThread]: Sending event: {'category': 'dbt', 'action': 'adapter_info', 'label': '4a6f1c10-736f-43b6-899a-b0b298a647c8', 'context': [<snowplow_tracker.self_describing_json.SelfDescribingJson object at 0x00000241779C89A0>]}
[0m18:16:58.922491 [info ] [MainThread]: Registered adapter: bigquery=1.10.2
[0m18:16:59.978497 [debug] [MainThread]: checksum: e63134dccc1251cfb572caf0e4aa952f030c125ee3634f3bf2c0a2e1bb6ae349, vars: {}, profile: , target: , version: 1.11.0b3
[0m18:17:00.297422 [debug] [MainThread]: Partial parsing enabled: 0 files deleted, 0 files added, 0 files changed.
[0m18:17:00.297422 [debug] [MainThread]: Partial parsing enabled, no changes found, skipping parsing
[0m18:17:00.299463 [warn ] [MainThread]: [[33mWARNING[0m]: Configuration paths exist in your dbt_project.yml file which do not apply to any resources.
There are 2 unused configuration paths:
- models.curation.employee_details_cur
- models.staging.Employee_Details_stg
[0m18:17:00.305995 [debug] [MainThread]: Sending event: {'category': 'dbt', 'action': 'load_project', 'label': '4a6f1c10-736f-43b6-899a-b0b298a647c8', 'context': [<snowplow_tracker.self_describing_json.SelfDescribingJson object at 0x00000241780B9130>]}
[0m18:17:00.397238 [debug] [MainThread]: Wrote artifact WritableManifest to D:\Learning\GCP Data Engineer\PDE Projects\git-repo\gcp-de-dbt-trans\target\manifest.json
[0m18:17:00.403105 [debug] [MainThread]: Wrote artifact SemanticManifest to D:\Learning\GCP Data Engineer\PDE Projects\git-repo\gcp-de-dbt-trans\target\semantic_manifest.json
[0m18:17:00.463502 [debug] [MainThread]: Sending event: {'category': 'dbt', 'action': 'resource_counts', 'label': '4a6f1c10-736f-43b6-899a-b0b298a647c8', 'context': [<snowplow_tracker.self_describing_json.SelfDescribingJson object at 0x00000241780BE340>]}
[0m18:17:00.464503 [info ] [MainThread]: Found 508 macros
[0m18:17:00.466889 [debug] [MainThread]: Sending event: {'category': 'dbt', 'action': 'runnable_timing', 'label': '4a6f1c10-736f-43b6-899a-b0b298a647c8', 'context': [<snowplow_tracker.self_describing_json.SelfDescribingJson object at 0x00000241780A8280>]}
[0m18:17:00.467888 [warn ] [MainThread]: The selection criterion 'staging' does not match any enabled nodes
[0m18:17:00.468898 [warn ] [MainThread]: Nothing to do. Try checking your model configs and model specification args
[0m18:17:00.473365 [debug] [MainThread]: Command end result
[0m18:17:00.508067 [debug] [MainThread]: Wrote artifact WritableManifest to D:\Learning\GCP Data Engineer\PDE Projects\git-repo\gcp-de-dbt-trans\target\manifest.json
[0m18:17:00.515051 [debug] [MainThread]: Wrote artifact SemanticManifest to D:\Learning\GCP Data Engineer\PDE Projects\git-repo\gcp-de-dbt-trans\target\semantic_manifest.json
[0m18:17:00.520033 [debug] [MainThread]: Wrote artifact RunExecutionResult to D:\Learning\GCP Data Engineer\PDE Projects\git-repo\gcp-de-dbt-trans\target\run_results.json
[0m18:17:00.522030 [debug] [MainThread]: Command `dbt run` succeeded at 18:17:00.522030 after 11.73 seconds
[0m18:17:00.523030 [debug] [MainThread]: Sending event: {'category': 'dbt', 'action': 'invocation', 'label': 'end', 'context': [<snowplow_tracker.self_describing_json.SelfDescribingJson object at 0x00000241510B92B0>, <snowplow_tracker.self_describing_json.SelfDescribingJson object at 0x000002414F08E040>, <snowplow_tracker.self_describing_json.SelfDescribingJson object at 0x0000024177A82EE0>]}
[0m18:17:00.524237 [debug] [MainThread]: Flushing usage events
[0m18:17:02.140704 [debug] [MainThread]: An error was encountered while trying to flush usage events
[0m18:17:09.688927 [debug] [MainThread]: Sending event: {'category': 'dbt', 'action': 'invocation', 'label': 'start', 'context': [<snowplow_tracker.self_describing_json.SelfDescribingJson object at 0x00000219702F9280>, <snowplow_tracker.self_describing_json.SelfDescribingJson object at 0x0000021971610F70>, <snowplow_tracker.self_describing_json.SelfDescribingJson object at 0x00000219716101C0>]}


============================== 18:17:09.693950 | d5ddb6d2-d384-47e2-82a7-8f91ff58b2cb ==============================
[0m18:17:09.693950 [info ] [MainThread]: Running with dbt=1.11.0-b3
[0m18:17:09.695940 [debug] [MainThread]: running dbt with arguments {'printer_width': '80', 'indirect_selection': 'eager', 'write_json': 'True', 'log_cache_events': 'False', 'partial_parse': 'True', 'cache_selected_only': 'False', 'warn_error': 'None', 'fail_fast': 'False', 'version_check': 'True', 'log_path': 'D:\\Learning\\GCP Data Engineer\\PDE Projects\\git-repo\\gcp-de-dbt-trans\\logs', 'profiles_dir': 'C:\\Users\\devas\\.dbt', 'debug': 'False', 'use_colors': 'True', 'use_experimental_parser': 'False', 'no_print': 'None', 'quiet': 'False', 'empty': 'False', 'warn_error_options': 'WarnErrorOptionsV2(error=[], warn=[], silence=[])', 'static_parser': 'True', 'log_format': 'default', 'invocation_command': 'dbt run --select Employee_Details_stg', 'target_path': 'None', 'introspect': 'True', 'send_anonymous_usage_stats': 'True'}
[0m18:17:16.110606 [debug] [MainThread]: Sending event: {'category': 'dbt', 'action': 'project_id', 'label': 'd5ddb6d2-d384-47e2-82a7-8f91ff58b2cb', 'context': [<snowplow_tracker.self_describing_json.SelfDescribingJson object at 0x0000021916E625B0>]}
[0m18:17:16.198351 [debug] [MainThread]: Sending event: {'category': 'dbt', 'action': 'adapter_info', 'label': 'd5ddb6d2-d384-47e2-82a7-8f91ff58b2cb', 'context': [<snowplow_tracker.self_describing_json.SelfDescribingJson object at 0x00000219715D5EB0>]}
[0m18:17:16.199358 [info ] [MainThread]: Registered adapter: bigquery=1.10.2
[0m18:17:17.313762 [debug] [MainThread]: checksum: e63134dccc1251cfb572caf0e4aa952f030c125ee3634f3bf2c0a2e1bb6ae349, vars: {}, profile: , target: , version: 1.11.0b3
[0m18:17:17.602249 [debug] [MainThread]: Partial parsing enabled: 0 files deleted, 0 files added, 0 files changed.
[0m18:17:17.603440 [debug] [MainThread]: Partial parsing enabled, no changes found, skipping parsing
[0m18:17:17.604675 [warn ] [MainThread]: [[33mWARNING[0m]: Configuration paths exist in your dbt_project.yml file which do not apply to any resources.
There are 2 unused configuration paths:
- models.staging.Employee_Details_stg
- models.curation.employee_details_cur
[0m18:17:17.611735 [debug] [MainThread]: Sending event: {'category': 'dbt', 'action': 'load_project', 'label': 'd5ddb6d2-d384-47e2-82a7-8f91ff58b2cb', 'context': [<snowplow_tracker.self_describing_json.SelfDescribingJson object at 0x0000021917579130>]}
[0m18:17:17.684746 [debug] [MainThread]: Wrote artifact WritableManifest to D:\Learning\GCP Data Engineer\PDE Projects\git-repo\gcp-de-dbt-trans\target\manifest.json
[0m18:17:17.690871 [debug] [MainThread]: Wrote artifact SemanticManifest to D:\Learning\GCP Data Engineer\PDE Projects\git-repo\gcp-de-dbt-trans\target\semantic_manifest.json
[0m18:17:17.738154 [debug] [MainThread]: Sending event: {'category': 'dbt', 'action': 'resource_counts', 'label': 'd5ddb6d2-d384-47e2-82a7-8f91ff58b2cb', 'context': [<snowplow_tracker.self_describing_json.SelfDescribingJson object at 0x000002191747A2E0>]}
[0m18:17:17.740162 [info ] [MainThread]: Found 508 macros
[0m18:17:17.742175 [debug] [MainThread]: Sending event: {'category': 'dbt', 'action': 'runnable_timing', 'label': 'd5ddb6d2-d384-47e2-82a7-8f91ff58b2cb', 'context': [<snowplow_tracker.self_describing_json.SelfDescribingJson object at 0x000002191747AB50>]}
[0m18:17:17.745155 [warn ] [MainThread]: The selection criterion 'Employee_Details_stg' does not match any enabled nodes
[0m18:17:17.747577 [warn ] [MainThread]: Nothing to do. Try checking your model configs and model specification args
[0m18:17:17.753832 [debug] [MainThread]: Command end result
[0m18:17:17.792428 [debug] [MainThread]: Wrote artifact WritableManifest to D:\Learning\GCP Data Engineer\PDE Projects\git-repo\gcp-de-dbt-trans\target\manifest.json
[0m18:17:17.802529 [debug] [MainThread]: Wrote artifact SemanticManifest to D:\Learning\GCP Data Engineer\PDE Projects\git-repo\gcp-de-dbt-trans\target\semantic_manifest.json
[0m18:17:17.810531 [debug] [MainThread]: Wrote artifact RunExecutionResult to D:\Learning\GCP Data Engineer\PDE Projects\git-repo\gcp-de-dbt-trans\target\run_results.json
[0m18:17:17.813525 [debug] [MainThread]: Command `dbt run` succeeded at 18:17:17.813525 after 8.31 seconds
[0m18:17:17.815528 [debug] [MainThread]: Sending event: {'category': 'dbt', 'action': 'invocation', 'label': 'end', 'context': [<snowplow_tracker.self_describing_json.SelfDescribingJson object at 0x00000219702F9280>, <snowplow_tracker.self_describing_json.SelfDescribingJson object at 0x0000021917078040>, <snowplow_tracker.self_describing_json.SelfDescribingJson object at 0x00000219715D5EB0>]}
[0m18:17:17.816528 [debug] [MainThread]: Flushing usage events
[0m18:17:19.579038 [debug] [MainThread]: An error was encountered while trying to flush usage events
[0m18:18:46.628584 [debug] [MainThread]: Sending event: {'category': 'dbt', 'action': 'invocation', 'label': 'start', 'context': [<snowplow_tracker.self_describing_json.SelfDescribingJson object at 0x00000292A59292E0>, <snowplow_tracker.self_describing_json.SelfDescribingJson object at 0x00000292A6C402E0>, <snowplow_tracker.self_describing_json.SelfDescribingJson object at 0x00000292A6C40130>]}


============================== 18:18:46.635191 | 1fd948b9-399f-443d-949c-cc6b9ab83a04 ==============================
[0m18:18:46.635191 [info ] [MainThread]: Running with dbt=1.11.0-b3
[0m18:18:46.636191 [debug] [MainThread]: running dbt with arguments {'printer_width': '80', 'indirect_selection': 'eager', 'write_json': 'True', 'log_cache_events': 'False', 'partial_parse': 'True', 'cache_selected_only': 'False', 'profiles_dir': 'C:\\Users\\devas\\.dbt', 'debug': 'False', 'version_check': 'True', 'log_path': 'D:\\Learning\\GCP Data Engineer\\PDE Projects\\git-repo\\gcp-de-dbt-trans\\logs', 'fail_fast': 'False', 'warn_error': 'None', 'use_colors': 'True', 'use_experimental_parser': 'False', 'empty': 'None', 'quiet': 'False', 'no_print': 'None', 'warn_error_options': 'WarnErrorOptionsV2(error=[], warn=[], silence=[])', 'invocation_command': 'dbt ls --project-dir D:\\Learning\\GCP Data Engineer\\PDE Projects\\git-repo\\gcp-de-dbt-trans', 'static_parser': 'True', 'introspect': 'True', 'target_path': 'None', 'log_format': 'default', 'send_anonymous_usage_stats': 'True'}
[0m18:18:54.615283 [debug] [MainThread]: Sending event: {'category': 'dbt', 'action': 'project_id', 'label': '1fd948b9-399f-443d-949c-cc6b9ab83a04', 'context': [<snowplow_tracker.self_describing_json.SelfDescribingJson object at 0x00000292CC1BB700>]}
[0m18:18:54.715799 [debug] [MainThread]: Sending event: {'category': 'dbt', 'action': 'adapter_info', 'label': '1fd948b9-399f-443d-949c-cc6b9ab83a04', 'context': [<snowplow_tracker.self_describing_json.SelfDescribingJson object at 0x00000292CC37BFD0>]}
[0m18:18:54.718809 [info ] [MainThread]: Registered adapter: bigquery=1.10.2
[0m18:18:55.837010 [debug] [MainThread]: checksum: e63134dccc1251cfb572caf0e4aa952f030c125ee3634f3bf2c0a2e1bb6ae349, vars: {}, profile: , target: , version: 1.11.0b3
[0m18:18:56.140843 [debug] [MainThread]: Partial parsing enabled: 0 files deleted, 0 files added, 0 files changed.
[0m18:18:56.140843 [debug] [MainThread]: Partial parsing enabled, no changes found, skipping parsing
[0m18:18:56.141844 [warn ] [MainThread]: [[33mWARNING[0m]: Configuration paths exist in your dbt_project.yml file which do not apply to any resources.
There are 2 unused configuration paths:
- models.curation.employee_details_cur
- models.staging.Employee_Details_stg
[0m18:18:56.148193 [debug] [MainThread]: Sending event: {'category': 'dbt', 'action': 'load_project', 'label': '1fd948b9-399f-443d-949c-cc6b9ab83a04', 'context': [<snowplow_tracker.self_describing_json.SelfDescribingJson object at 0x00000292CC91BDF0>]}
[0m18:18:56.208975 [debug] [MainThread]: Wrote artifact WritableManifest to D:\Learning\GCP Data Engineer\PDE Projects\git-repo\gcp-de-dbt-trans\target\manifest.json
[0m18:18:56.215209 [debug] [MainThread]: Wrote artifact SemanticManifest to D:\Learning\GCP Data Engineer\PDE Projects\git-repo\gcp-de-dbt-trans\target\semantic_manifest.json
[0m18:18:56.275127 [debug] [MainThread]: Sending event: {'category': 'dbt', 'action': 'resource_counts', 'label': '1fd948b9-399f-443d-949c-cc6b9ab83a04', 'context': [<snowplow_tracker.self_describing_json.SelfDescribingJson object at 0x00000292CC814A30>]}
[0m18:18:56.276127 [info ] [MainThread]: Found 508 macros
[0m18:18:56.278347 [debug] [MainThread]: Sending event: {'category': 'dbt', 'action': 'runnable_timing', 'label': '1fd948b9-399f-443d-949c-cc6b9ab83a04', 'context': [<snowplow_tracker.self_describing_json.SelfDescribingJson object at 0x00000292CC8E0940>]}
[0m18:18:56.279387 [warn ] [MainThread]: No nodes selected!
[0m18:18:56.281385 [debug] [MainThread]: Command `dbt ls` succeeded at 18:18:56.281385 after 9.84 seconds
[0m18:18:56.282369 [debug] [MainThread]: Sending event: {'category': 'dbt', 'action': 'invocation', 'label': 'end', 'context': [<snowplow_tracker.self_describing_json.SelfDescribingJson object at 0x00000292A59292E0>, <snowplow_tracker.self_describing_json.SelfDescribingJson object at 0x00000292CC37BFD0>, <snowplow_tracker.self_describing_json.SelfDescribingJson object at 0x00000292CC9121F0>]}
[0m18:18:56.284376 [debug] [MainThread]: Flushing usage events
[0m18:18:58.003781 [debug] [MainThread]: An error was encountered while trying to flush usage events
[0m18:22:20.023163 [debug] [MainThread]: Sending event: {'category': 'dbt', 'action': 'invocation', 'label': 'start', 'context': [<snowplow_tracker.self_describing_json.SelfDescribingJson object at 0x00000148F04492B0>, <snowplow_tracker.self_describing_json.SelfDescribingJson object at 0x00000148F08848B0>, <snowplow_tracker.self_describing_json.SelfDescribingJson object at 0x00000148F16CBD30>]}


============================== 18:22:20.030248 | ae0c2292-2350-4abf-9d37-60d3e6de01fc ==============================
[0m18:22:20.030248 [info ] [MainThread]: Running with dbt=1.11.0-b3
[0m18:22:20.032496 [debug] [MainThread]: running dbt with arguments {'printer_width': '80', 'indirect_selection': 'eager', 'write_json': 'True', 'log_cache_events': 'False', 'partial_parse': 'True', 'cache_selected_only': 'False', 'profiles_dir': 'C:\\Users\\devas\\.dbt', 'fail_fast': 'False', 'version_check': 'True', 'log_path': 'D:\\Learning\\GCP Data Engineer\\PDE Projects\\git-repo\\gcp-de-dbt-trans\\logs', 'debug': 'False', 'warn_error': 'None', 'use_colors': 'True', 'use_experimental_parser': 'False', 'no_print': 'None', 'quiet': 'False', 'empty': 'None', 'log_format': 'default', 'static_parser': 'True', 'warn_error_options': 'WarnErrorOptionsV2(error=[], warn=[], silence=[])', 'introspect': 'True', 'target_path': 'None', 'invocation_command': 'dbt debug', 'send_anonymous_usage_stats': 'True'}
[0m18:22:20.086322 [info ] [MainThread]: dbt version: 1.11.0-b3
[0m18:22:20.088342 [info ] [MainThread]: python version: 3.9.21
[0m18:22:20.090341 [info ] [MainThread]: python path: C:\Users\devas\anaconda3\python.exe
[0m18:22:20.091344 [info ] [MainThread]: os info: Windows-10-10.0.26100-SP0
[0m18:22:31.697701 [info ] [MainThread]: Using profiles dir at C:\Users\devas\.dbt
[0m18:22:31.699708 [info ] [MainThread]: Using profiles.yml file at C:\Users\devas\.dbt\profiles.yml
[0m18:22:31.700703 [info ] [MainThread]: Using dbt_project.yml file at D:\Learning\GCP Data Engineer\PDE Projects\git-repo\gcp-de-dbt-trans\dbt_project.yml
[0m18:22:31.702108 [info ] [MainThread]: adapter type: bigquery
[0m18:22:31.703118 [info ] [MainThread]: adapter version: 1.10.2
[0m18:22:31.859779 [info ] [MainThread]: Configuration:
[0m18:22:31.860342 [info ] [MainThread]:   profiles.yml file [[32mOK found and valid[0m]
[0m18:22:31.862497 [info ] [MainThread]:   dbt_project.yml file [[32mOK found and valid[0m]
[0m18:22:31.863495 [info ] [MainThread]: Required dependencies:
[0m18:22:31.864510 [debug] [MainThread]: Executing "git --help"
[0m18:22:31.931518 [debug] [MainThread]: STDOUT: "b"usage: git [-v | --version] [-h | --help] [-C <path>] [-c <name>=<value>]\n           [--exec-path[=<path>]] [--html-path] [--man-path] [--info-path]\n           [-p | --paginate | -P | --no-pager] [--no-replace-objects] [--no-lazy-fetch]\n           [--no-optional-locks] [--no-advice] [--bare] [--git-dir=<path>]\n           [--work-tree=<path>] [--namespace=<name>] [--config-env=<name>=<envvar>]\n           <command> [<args>]\n\nThese are common Git commands used in various situations:\n\nstart a working area (see also: git help tutorial)\n   clone      Clone a repository into a new directory\n   init       Create an empty Git repository or reinitialize an existing one\n\nwork on the current change (see also: git help everyday)\n   add        Add file contents to the index\n   mv         Move or rename a file, a directory, or a symlink\n   restore    Restore working tree files\n   rm         Remove files from the working tree and from the index\n\nexamine the history and state (see also: git help revisions)\n   bisect     Use binary search to find the commit that introduced a bug\n   diff       Show changes between commits, commit and working tree, etc\n   grep       Print lines matching a pattern\n   log        Show commit logs\n   show       Show various types of objects\n   status     Show the working tree status\n\ngrow, mark and tweak your common history\n   backfill   Download missing objects in a partial clone\n   branch     List, create, or delete branches\n   commit     Record changes to the repository\n   merge      Join two or more development histories together\n   rebase     Reapply commits on top of another base tip\n   reset      Reset current HEAD to the specified state\n   switch     Switch branches\n   tag        Create, list, delete or verify a tag object signed with GPG\n\ncollaborate (see also: git help workflows)\n   fetch      Download objects and refs from another repository\n   pull       Fetch from and integrate with another repository or a local branch\n   push       Update remote refs along with associated objects\n\n'git help -a' and 'git help -g' list available subcommands and some\nconcept guides. See 'git help <command>' or 'git help <concept>'\nto read about a specific subcommand or concept.\nSee 'git help git' for an overview of the system.\n""
[0m18:22:31.932532 [debug] [MainThread]: STDERR: "b''"
[0m18:22:31.933609 [info ] [MainThread]:  - git [[32mOK found[0m]

[0m18:22:31.934609 [info ] [MainThread]: Connection:
[0m18:22:31.935616 [info ] [MainThread]:   method: service-account
[0m18:22:31.937384 [info ] [MainThread]:   database: gcp-de-batch-sim-5
[0m18:22:31.938520 [info ] [MainThread]:   execution_project: gcp-de-batch-sim-5
[0m18:22:31.939556 [info ] [MainThread]:   schema: Employee_Details_cur
[0m18:22:31.940919 [info ] [MainThread]:   location: US
[0m18:22:31.941918 [info ] [MainThread]:   priority: interactive
[0m18:22:31.943662 [info ] [MainThread]:   maximum_bytes_billed: None
[0m18:22:31.945054 [info ] [MainThread]:   impersonate_service_account: None
[0m18:22:31.946496 [info ] [MainThread]:   job_retry_deadline_seconds: None
[0m18:22:31.948497 [info ] [MainThread]:   job_retries: 1
[0m18:22:31.949494 [info ] [MainThread]:   job_creation_timeout_seconds: None
[0m18:22:31.951809 [info ] [MainThread]:   job_execution_timeout_seconds: 300
[0m18:22:31.952796 [info ] [MainThread]:   timeout_seconds: 300
[0m18:22:31.953799 [info ] [MainThread]:   client_id: None
[0m18:22:31.954861 [info ] [MainThread]:   token_uri: None
[0m18:22:31.955914 [info ] [MainThread]:   compute_region: None
[0m18:22:31.957217 [info ] [MainThread]:   dataproc_cluster_name: None
[0m18:22:31.958576 [info ] [MainThread]:   gcs_bucket: None
[0m18:22:31.959579 [info ] [MainThread]:   dataproc_batch: None
[0m18:22:31.961677 [info ] [MainThread]: Registered adapter: bigquery=1.10.2
[0m18:22:33.084168 [debug] [MainThread]: Acquiring new bigquery connection 'debug'
[0m18:22:33.085171 [debug] [MainThread]: On debug: select 1 as id
[0m18:22:33.085171 [debug] [MainThread]: Opening a new connection, currently in state init
[0m18:22:34.685545 [debug] [MainThread]: BigQuery adapter: https://console.cloud.google.com/bigquery?project=gcp-de-batch-sim-5&j=bq:US:b70464af-80f7-4773-8efe-b90d20faac18&page=queryresults
[0m18:22:36.310966 [info ] [MainThread]:   Connection test: [[32mOK connection ok[0m]

[0m18:22:36.312940 [info ] [MainThread]: [32mAll checks passed![0m
[0m18:22:36.314955 [debug] [MainThread]: Command `dbt debug` succeeded at 18:22:36.314955 after 16.49 seconds
[0m18:22:36.315947 [debug] [MainThread]: Connection 'debug' was properly closed.
[0m18:22:36.316961 [debug] [MainThread]: Sending event: {'category': 'dbt', 'action': 'invocation', 'label': 'end', 'context': [<snowplow_tracker.self_describing_json.SelfDescribingJson object at 0x00000148F04492B0>, <snowplow_tracker.self_describing_json.SelfDescribingJson object at 0x00000148F16E9640>, <snowplow_tracker.self_describing_json.SelfDescribingJson object at 0x0000014896FFAE50>]}
[0m18:22:36.317962 [debug] [MainThread]: Flushing usage events
[0m18:22:37.617028 [debug] [MainThread]: An error was encountered while trying to flush usage events
[0m18:22:45.604396 [debug] [MainThread]: Sending event: {'category': 'dbt', 'action': 'invocation', 'label': 'start', 'context': [<snowplow_tracker.self_describing_json.SelfDescribingJson object at 0x000001F90C629310>, <snowplow_tracker.self_describing_json.SelfDescribingJson object at 0x000001F90D940340>, <snowplow_tracker.self_describing_json.SelfDescribingJson object at 0x000001F90D940190>]}


============================== 18:22:45.610377 | df737e68-8d0a-4ee9-877f-e73e68a2de33 ==============================
[0m18:22:45.610377 [info ] [MainThread]: Running with dbt=1.11.0-b3
[0m18:22:45.612377 [debug] [MainThread]: running dbt with arguments {'printer_width': '80', 'indirect_selection': 'eager', 'log_cache_events': 'False', 'write_json': 'True', 'partial_parse': 'True', 'cache_selected_only': 'False', 'profiles_dir': 'C:\\Users\\devas\\.dbt', 'fail_fast': 'False', 'debug': 'False', 'log_path': 'D:\\Learning\\GCP Data Engineer\\PDE Projects\\git-repo\\gcp-de-dbt-trans\\logs', 'warn_error': 'None', 'version_check': 'True', 'use_colors': 'True', 'use_experimental_parser': 'False', 'no_print': 'None', 'quiet': 'False', 'empty': 'None', 'log_format': 'default', 'introspect': 'True', 'invocation_command': 'dbt ls', 'static_parser': 'True', 'target_path': 'None', 'warn_error_options': 'WarnErrorOptionsV2(error=[], warn=[], silence=[])', 'send_anonymous_usage_stats': 'True'}
[0m18:22:54.017494 [debug] [MainThread]: Sending event: {'category': 'dbt', 'action': 'project_id', 'label': 'df737e68-8d0a-4ee9-877f-e73e68a2de33', 'context': [<snowplow_tracker.self_describing_json.SelfDescribingJson object at 0x000001F90A611E20>]}
[0m18:22:54.133267 [debug] [MainThread]: Sending event: {'category': 'dbt', 'action': 'adapter_info', 'label': 'df737e68-8d0a-4ee9-877f-e73e68a2de33', 'context': [<snowplow_tracker.self_describing_json.SelfDescribingJson object at 0x000001F932FE68B0>]}
[0m18:22:54.135269 [info ] [MainThread]: Registered adapter: bigquery=1.10.2
[0m18:22:55.220865 [debug] [MainThread]: checksum: e63134dccc1251cfb572caf0e4aa952f030c125ee3634f3bf2c0a2e1bb6ae349, vars: {}, profile: , target: , version: 1.11.0b3
[0m18:22:55.645327 [debug] [MainThread]: Partial parsing enabled: 0 files deleted, 0 files added, 0 files changed.
[0m18:22:55.646336 [debug] [MainThread]: Partial parsing enabled, no changes found, skipping parsing
[0m18:22:55.654361 [warn ] [MainThread]: [[33mWARNING[0m]: Configuration paths exist in your dbt_project.yml file which do not apply to any resources.
There are 2 unused configuration paths:
- models.staging.Employee_Details_stg
- models.curation.employee_details_cur
[0m18:22:55.715566 [debug] [MainThread]: Sending event: {'category': 'dbt', 'action': 'load_project', 'label': 'df737e68-8d0a-4ee9-877f-e73e68a2de33', 'context': [<snowplow_tracker.self_describing_json.SelfDescribingJson object at 0x000001F9336C3130>]}
[0m18:22:55.849283 [debug] [MainThread]: Wrote artifact WritableManifest to D:\Learning\GCP Data Engineer\PDE Projects\git-repo\gcp-de-dbt-trans\target\manifest.json
[0m18:22:55.855294 [debug] [MainThread]: Wrote artifact SemanticManifest to D:\Learning\GCP Data Engineer\PDE Projects\git-repo\gcp-de-dbt-trans\target\semantic_manifest.json
[0m18:22:55.914374 [debug] [MainThread]: Sending event: {'category': 'dbt', 'action': 'resource_counts', 'label': 'df737e68-8d0a-4ee9-877f-e73e68a2de33', 'context': [<snowplow_tracker.self_describing_json.SelfDescribingJson object at 0x000001F9336EB220>]}
[0m18:22:55.915377 [info ] [MainThread]: Found 3 models, 15 data tests, 4 sources, 508 macros
[0m18:22:55.916368 [debug] [MainThread]: Sending event: {'category': 'dbt', 'action': 'runnable_timing', 'label': 'df737e68-8d0a-4ee9-877f-e73e68a2de33', 'context': [<snowplow_tracker.self_describing_json.SelfDescribingJson object at 0x000001F93368A340>]}
[0m18:22:55.917491 [info ] [MainThread]: dbt_employee_details.staging.Employee_Details_stg.Department_stg
[0m18:22:55.918491 [info ] [MainThread]: dbt_employee_details.curation.employee_details_cur.EmployeeDepartment_cur
[0m18:22:55.919494 [info ] [MainThread]: dbt_employee_details.staging.Employee_Details_stg.Employee_stg
[0m18:22:55.921509 [info ] [MainThread]: source:dbt_employee_details.Employee_Details_stg.Department_stg
[0m18:22:55.922525 [info ] [MainThread]: source:dbt_employee_details.Employee_Details_stg.Employee_stg
[0m18:22:55.924517 [info ] [MainThread]: source:dbt_employee_details.stg.Department_stg
[0m18:22:55.925517 [info ] [MainThread]: source:dbt_employee_details.stg.Employee_stg
[0m18:22:55.927525 [info ] [MainThread]: dbt_employee_details.models.accepted_values_EmployeeDepartment_cur_GENDER__M__F
[0m18:22:55.928522 [info ] [MainThread]: dbt_employee_details.models.accepted_values_EmployeeDepartment_cur_ISCURRENT__True
[0m18:22:55.930539 [info ] [MainThread]: dbt_employee_details.models.accepted_values_EmployeeDepartment_cur_ROWENDDATE__9999_12_31
[0m18:22:55.931636 [info ] [MainThread]: dbt_employee_details.models.not_null_EmployeeDepartment_cur_BUSINESSENTITYID
[0m18:22:55.933655 [info ] [MainThread]: dbt_employee_details.models.not_null_EmployeeDepartment_cur_CURATIONINGESTIONTIME
[0m18:22:55.934687 [info ] [MainThread]: dbt_employee_details.models.not_null_EmployeeDepartment_cur_DEPARTMENTID
[0m18:22:55.935689 [info ] [MainThread]: dbt_employee_details.models.not_null_EmployeeDepartment_cur_DEPARTMENTNAME
[0m18:22:55.936698 [info ] [MainThread]: dbt_employee_details.models.not_null_EmployeeDepartment_cur_NATIONALIDNUMBER
[0m18:22:55.938158 [info ] [MainThread]: dbt_employee_details.models.not_null_EmployeeDepartment_cur_ROWSTARTDATE
[0m18:22:55.939161 [info ] [MainThread]: dbt_employee_details.models.source_not_null_stg_Department_stg_DEPARTMENTID
[0m18:22:55.940160 [info ] [MainThread]: dbt_employee_details.models.source_not_null_stg_Department_stg_NAME
[0m18:22:55.941161 [info ] [MainThread]: dbt_employee_details.models.source_not_null_stg_Employee_stg_BUSINESSENTITYID
[0m18:22:55.942161 [info ] [MainThread]: dbt_employee_details.models.source_not_null_stg_Employee_stg_DEPARTMENTID
[0m18:22:55.944415 [info ] [MainThread]: dbt_employee_details.models.source_unique_stg_Department_stg_DEPARTMENTID
[0m18:22:55.945412 [info ] [MainThread]: dbt_employee_details.models.source_unique_stg_Employee_stg_BUSINESSENTITYID
[0m18:22:55.949083 [debug] [MainThread]: Command `dbt ls` succeeded at 18:22:55.949083 after 10.60 seconds
[0m18:22:55.950204 [debug] [MainThread]: Sending event: {'category': 'dbt', 'action': 'invocation', 'label': 'end', 'context': [<snowplow_tracker.self_describing_json.SelfDescribingJson object at 0x000001F90C629310>, <snowplow_tracker.self_describing_json.SelfDescribingJson object at 0x000001F932F19BE0>, <snowplow_tracker.self_describing_json.SelfDescribingJson object at 0x000001F90A5B9C10>]}
[0m18:22:55.952332 [debug] [MainThread]: Flushing usage events
[0m18:22:57.276567 [debug] [MainThread]: An error was encountered while trying to flush usage events
[0m18:23:16.733266 [debug] [MainThread]: Sending event: {'category': 'dbt', 'action': 'invocation', 'label': 'start', 'context': [<snowplow_tracker.self_describing_json.SelfDescribingJson object at 0x0000017826F8A220>, <snowplow_tracker.self_describing_json.SelfDescribingJson object at 0x000001782829FF10>, <snowplow_tracker.self_describing_json.SelfDescribingJson object at 0x000001782829F190>]}


============================== 18:23:16.739433 | 065f1426-4215-4689-955e-975ef1a6d0ad ==============================
[0m18:23:16.739433 [info ] [MainThread]: Running with dbt=1.11.0-b3
[0m18:23:16.741148 [debug] [MainThread]: running dbt with arguments {'printer_width': '80', 'indirect_selection': 'eager', 'write_json': 'True', 'log_cache_events': 'False', 'partial_parse': 'True', 'cache_selected_only': 'False', 'warn_error': 'None', 'debug': 'False', 'version_check': 'True', 'log_path': 'D:\\Learning\\GCP Data Engineer\\PDE Projects\\git-repo\\gcp-de-dbt-trans\\logs', 'profiles_dir': 'C:\\Users\\devas\\.dbt', 'fail_fast': 'False', 'use_colors': 'True', 'use_experimental_parser': 'False', 'no_print': 'None', 'quiet': 'False', 'empty': 'False', 'log_format': 'default', 'invocation_command': 'dbt run', 'warn_error_options': 'WarnErrorOptionsV2(error=[], warn=[], silence=[])', 'static_parser': 'True', 'target_path': 'None', 'introspect': 'True', 'send_anonymous_usage_stats': 'True'}
[0m18:23:24.693529 [debug] [MainThread]: Sending event: {'category': 'dbt', 'action': 'project_id', 'label': '065f1426-4215-4689-955e-975ef1a6d0ad', 'context': [<snowplow_tracker.self_describing_json.SelfDescribingJson object at 0x000001782442F850>]}
[0m18:23:24.781665 [debug] [MainThread]: Sending event: {'category': 'dbt', 'action': 'adapter_info', 'label': '065f1426-4215-4689-955e-975ef1a6d0ad', 'context': [<snowplow_tracker.self_describing_json.SelfDescribingJson object at 0x000001784D987D60>]}
[0m18:23:24.783687 [info ] [MainThread]: Registered adapter: bigquery=1.10.2
[0m18:23:25.875650 [debug] [MainThread]: checksum: e63134dccc1251cfb572caf0e4aa952f030c125ee3634f3bf2c0a2e1bb6ae349, vars: {}, profile: , target: , version: 1.11.0b3
[0m18:23:26.267061 [debug] [MainThread]: Partial parsing enabled: 0 files deleted, 0 files added, 0 files changed.
[0m18:23:26.268062 [debug] [MainThread]: Partial parsing enabled, no changes found, skipping parsing
[0m18:23:26.276472 [warn ] [MainThread]: [[33mWARNING[0m]: Configuration paths exist in your dbt_project.yml file which do not apply to any resources.
There are 2 unused configuration paths:
- models.staging.Employee_Details_stg
- models.curation.employee_details_cur
[0m18:23:26.357978 [debug] [MainThread]: Sending event: {'category': 'dbt', 'action': 'load_project', 'label': '065f1426-4215-4689-955e-975ef1a6d0ad', 'context': [<snowplow_tracker.self_describing_json.SelfDescribingJson object at 0x000001784E020130>]}
[0m18:23:26.495526 [debug] [MainThread]: Wrote artifact WritableManifest to D:\Learning\GCP Data Engineer\PDE Projects\git-repo\gcp-de-dbt-trans\target\manifest.json
[0m18:23:26.500900 [debug] [MainThread]: Wrote artifact SemanticManifest to D:\Learning\GCP Data Engineer\PDE Projects\git-repo\gcp-de-dbt-trans\target\semantic_manifest.json
[0m18:23:26.547328 [debug] [MainThread]: Sending event: {'category': 'dbt', 'action': 'resource_counts', 'label': '065f1426-4215-4689-955e-975ef1a6d0ad', 'context': [<snowplow_tracker.self_describing_json.SelfDescribingJson object at 0x000001784E0483D0>]}
[0m18:23:26.548690 [info ] [MainThread]: Found 3 models, 15 data tests, 4 sources, 508 macros
[0m18:23:26.549689 [debug] [MainThread]: Sending event: {'category': 'dbt', 'action': 'runnable_timing', 'label': '065f1426-4215-4689-955e-975ef1a6d0ad', 'context': [<snowplow_tracker.self_describing_json.SelfDescribingJson object at 0x000001784E0200D0>]}
[0m18:23:26.552687 [info ] [MainThread]: 
[0m18:23:26.554691 [info ] [MainThread]: Concurrency: 4 threads (target='dev')
[0m18:23:26.555697 [info ] [MainThread]: 
[0m18:23:26.557693 [debug] [MainThread]: Acquiring new bigquery connection 'master'
[0m18:23:26.564764 [debug] [ThreadPool]: Acquiring new bigquery connection 'list_gcp-de-batch-sim-5'
[0m18:23:26.565768 [debug] [ThreadPool]: Opening a new connection, currently in state init
[0m18:23:27.835597 [debug] [ThreadPool]: Acquiring new bigquery connection 'list_gcp-de-batch-sim-5_Employee_Details_cur'
[0m18:23:27.836588 [debug] [ThreadPool]: Opening a new connection, currently in state init
[0m18:23:28.961548 [debug] [MainThread]: Sending event: {'category': 'dbt', 'action': 'runnable_timing', 'label': '065f1426-4215-4689-955e-975ef1a6d0ad', 'context': [<snowplow_tracker.self_describing_json.SelfDescribingJson object at 0x000001784D85C760>]}
[0m18:23:28.961548 [debug] [MainThread]: Opening a new connection, currently in state init
[0m18:23:29.009083 [debug] [Thread-1  ]: Began running node model.dbt_employee_details.Department_stg
[0m18:23:29.010091 [debug] [Thread-2  ]: Began running node model.dbt_employee_details.EmployeeDepartment_cur
[0m18:23:29.011083 [debug] [Thread-3  ]: Began running node model.dbt_employee_details.Employee_stg
[0m18:23:29.012085 [info ] [Thread-1  ]: 1 of 3 START sql view model Employee_Details_cur.Department_stg ................ [RUN]
[0m18:23:29.013071 [info ] [Thread-2  ]: 2 of 3 START sql incremental model Employee_Details_cur.EmployeeDepartment_cur . [RUN]
[0m18:23:29.015117 [info ] [Thread-3  ]: 3 of 3 START sql view model Employee_Details_cur.Employee_stg .................. [RUN]
[0m18:23:29.016118 [debug] [Thread-1  ]: Acquiring new bigquery connection 'model.dbt_employee_details.Department_stg'
[0m18:23:29.018138 [debug] [Thread-2  ]: Acquiring new bigquery connection 'model.dbt_employee_details.EmployeeDepartment_cur'
[0m18:23:29.019114 [debug] [Thread-3  ]: Acquiring new bigquery connection 'model.dbt_employee_details.Employee_stg'
[0m18:23:29.020121 [debug] [Thread-1  ]: Began compiling node model.dbt_employee_details.Department_stg
[0m18:23:29.021139 [debug] [Thread-2  ]: Began compiling node model.dbt_employee_details.EmployeeDepartment_cur
[0m18:23:29.023118 [debug] [Thread-3  ]: Began compiling node model.dbt_employee_details.Employee_stg
[0m18:23:29.036284 [debug] [Thread-1  ]: Writing injected SQL for node "model.dbt_employee_details.Department_stg"
[0m18:23:29.042166 [debug] [Thread-2  ]: Writing injected SQL for node "model.dbt_employee_details.EmployeeDepartment_cur"
[0m18:23:29.046777 [debug] [Thread-3  ]: Writing injected SQL for node "model.dbt_employee_details.Employee_stg"
[0m18:23:29.053841 [debug] [Thread-3  ]: Began executing node model.dbt_employee_details.Employee_stg
[0m18:23:29.054840 [debug] [Thread-1  ]: Began executing node model.dbt_employee_details.Department_stg
[0m18:23:29.087470 [debug] [Thread-2  ]: Began executing node model.dbt_employee_details.EmployeeDepartment_cur
[0m18:23:29.092890 [debug] [Thread-3  ]: Writing runtime sql for node "model.dbt_employee_details.Employee_stg"
[0m18:23:29.097317 [debug] [Thread-1  ]: Writing runtime sql for node "model.dbt_employee_details.Department_stg"
[0m18:23:29.322887 [debug] [Thread-2  ]: Opening a new connection, currently in state init
[0m18:23:29.362993 [debug] [Thread-1  ]: On model.dbt_employee_details.Department_stg: /* {"app": "dbt", "dbt_version": "1.11.0b3", "profile_name": "gcp_de_batch_sim_5", "target_name": "dev", "node_id": "model.dbt_employee_details.Department_stg"} */


  create or replace view `gcp-de-batch-sim-5`.`Employee_Details_cur`.`Department_stg`
  OPTIONS()
  as SELECT
  DepartmentID,
  Name AS DepartmentName,
  GroupName
FROM `gcp-de-batch-sim-5`.`Employee_Details_stg`.`Department_stg`;


[0m18:23:29.364256 [debug] [Thread-3  ]: On model.dbt_employee_details.Employee_stg: /* {"app": "dbt", "dbt_version": "1.11.0b3", "profile_name": "gcp_de_batch_sim_5", "target_name": "dev", "node_id": "model.dbt_employee_details.Employee_stg"} */


  create or replace view `gcp-de-batch-sim-5`.`Employee_Details_cur`.`Employee_stg`
  OPTIONS()
  as SELECT
  BusinessEntityID,
  LoginID,
  NationalIDNumber,
  JobTitle,
  BirthDate,
  Gender,
  HireDate,
  SalariedFlag,
  VacationHours,
  SickLeaveHours,
  CurrentFlag,
  EmployeeModifiedDate,
  DepartmentID
FROM `gcp-de-batch-sim-5`.`Employee_Details_stg`.`Employee_stg`;


[0m18:23:29.365252 [debug] [Thread-1  ]: Opening a new connection, currently in state init
[0m18:23:29.365252 [debug] [Thread-3  ]: Opening a new connection, currently in state init
[0m18:23:30.530272 [debug] [Thread-2  ]: Writing runtime sql for node "model.dbt_employee_details.EmployeeDepartment_cur"
[0m18:23:30.534267 [debug] [Thread-2  ]: On model.dbt_employee_details.EmployeeDepartment_cur: /* {"app": "dbt", "dbt_version": "1.11.0b3", "profile_name": "gcp_de_batch_sim_5", "target_name": "dev", "node_id": "model.dbt_employee_details.EmployeeDepartment_cur"} */
-- back compat for old kwarg name
  
  
        
            
	    
	    
            
        
    

    

    merge into `gcp-de-batch-sim-5`.`Employee_Details_cur`.`EmployeeDepartment_cur` as DBT_INTERNAL_DEST
        using (

WITH employee AS (
    SELECT
        CAST(BusinessEntityID AS INT64) AS BusinessEntityID,
        LoginID,
        NationalIDNumber,
        JobTitle,
        BirthDate,
        Gender,
        HireDate,
        SalariedFlag,
        VacationHours,
        SickLeaveHours,
        CurrentFlag,
        CAST(CURRENT_TIMESTAMP AS TIMESTAMP) AS EmployeeModifiedDate,
        DepartmentID
    FROM `gcp-de-batch-sim-5`.`Employee_Details_stg`.`Employee_stg`
),

department AS (
    SELECT
        DepartmentID,
        Name AS DepartmentName,
        GroupName
    FROM `gcp-de-batch-sim-5`.`Employee_Details_stg`.`Department_stg`
)

SELECT
    e.BusinessEntityID,
    e.LoginID,
    e.NationalIDNumber,
    e.JobTitle,
    e.BirthDate,
    e.Gender,
    e.HireDate,
    e.SalariedFlag,
    e.VacationHours,
    e.SickLeaveHours,
    e.CurrentFlag,
    e.EmployeeModifiedDate,
    CAST(e.DepartmentID AS INT64) AS DepartmentID,
    d.DepartmentName,
    d.GroupName,
    CURRENT_TIMESTAMP() AS CurationIngestionTime,
    CURRENT_DATE() AS RowStartDate,
    DATE '9999-12-31' AS RowEndDate
FROM employee e
LEFT JOIN department d
  ON CAST(e.DepartmentID AS INT64)= d.DepartmentID
        ) as DBT_INTERNAL_SOURCE
        on ((DBT_INTERNAL_SOURCE.BusinessEntityID = DBT_INTERNAL_DEST.BusinessEntityID))

    
    when matched then update set
        `BusinessEntityID` = DBT_INTERNAL_SOURCE.`BusinessEntityID`,`LoginID` = DBT_INTERNAL_SOURCE.`LoginID`,`NationalIDNumber` = DBT_INTERNAL_SOURCE.`NationalIDNumber`,`JobTitle` = DBT_INTERNAL_SOURCE.`JobTitle`,`BirthDate` = DBT_INTERNAL_SOURCE.`BirthDate`,`Gender` = DBT_INTERNAL_SOURCE.`Gender`,`HireDate` = DBT_INTERNAL_SOURCE.`HireDate`,`SalariedFlag` = DBT_INTERNAL_SOURCE.`SalariedFlag`,`VacationHours` = DBT_INTERNAL_SOURCE.`VacationHours`,`SickLeaveHours` = DBT_INTERNAL_SOURCE.`SickLeaveHours`,`CurrentFlag` = DBT_INTERNAL_SOURCE.`CurrentFlag`,`EmployeeModifiedDate` = DBT_INTERNAL_SOURCE.`EmployeeModifiedDate`,`DepartmentID` = DBT_INTERNAL_SOURCE.`DepartmentID`,`DepartmentName` = DBT_INTERNAL_SOURCE.`DepartmentName`,`GroupName` = DBT_INTERNAL_SOURCE.`GroupName`,`CurationIngestionTime` = DBT_INTERNAL_SOURCE.`CurationIngestionTime`,`RowStartDate` = DBT_INTERNAL_SOURCE.`RowStartDate`,`RowEndDate` = DBT_INTERNAL_SOURCE.`RowEndDate`
    

    when not matched then insert
        (`BusinessEntityID`, `LoginID`, `NationalIDNumber`, `JobTitle`, `BirthDate`, `Gender`, `HireDate`, `SalariedFlag`, `VacationHours`, `SickLeaveHours`, `CurrentFlag`, `EmployeeModifiedDate`, `DepartmentID`, `DepartmentName`, `GroupName`, `CurationIngestionTime`, `RowStartDate`, `RowEndDate`)
    values
        (`BusinessEntityID`, `LoginID`, `NationalIDNumber`, `JobTitle`, `BirthDate`, `Gender`, `HireDate`, `SalariedFlag`, `VacationHours`, `SickLeaveHours`, `CurrentFlag`, `EmployeeModifiedDate`, `DepartmentID`, `DepartmentName`, `GroupName`, `CurationIngestionTime`, `RowStartDate`, `RowEndDate`)


    
[0m18:23:30.757004 [debug] [Thread-1  ]: BigQuery adapter: https://console.cloud.google.com/bigquery?project=gcp-de-batch-sim-5&j=bq:US:060b409e-eced-4dea-ad96-198ad7975995&page=queryresults
[0m18:23:31.012531 [debug] [Thread-3  ]: BigQuery adapter: https://console.cloud.google.com/bigquery?project=gcp-de-batch-sim-5&j=bq:US:d7b06d5a-c163-48bd-805c-5d9c72cb3926&page=queryresults
[0m18:23:31.460565 [error] [Thread-3  ]: BigQuery adapter: https://console.cloud.google.com/bigquery?project=gcp-de-batch-sim-5&j=bq:US:d7b06d5a-c163-48bd-805c-5d9c72cb3926&page=queryresults
[0m18:23:31.486167 [debug] [Thread-3  ]: Database Error in model Employee_stg (gcp-de-batch-sim/models\staging\Employee_Details_stg\Employee_stg.sql)
  Unrecognized name: EmployeeModifiedDate at [18:3]
  compiled code at target\run\dbt_employee_details\gcp-de-batch-sim/models\staging\Employee_Details_stg\Employee_stg.sql
[0m18:23:31.490559 [debug] [Thread-3  ]: Sending event: {'category': 'dbt', 'action': 'run_model', 'label': '065f1426-4215-4689-955e-975ef1a6d0ad', 'context': [<snowplow_tracker.self_describing_json.SelfDescribingJson object at 0x000001784780DE80>]}
[0m18:23:31.491830 [error] [Thread-3  ]: 3 of 3 ERROR creating sql view model Employee_Details_cur.Employee_stg ......... [[31mERROR[0m in 2.47s]
[0m18:23:31.494413 [debug] [Thread-3  ]: Finished running node model.dbt_employee_details.Employee_stg
[0m18:23:31.495416 [debug] [Thread-7  ]: Marking all children of 'model.dbt_employee_details.Employee_stg' to be skipped because of status 'error'.  Reason: Database Error in model Employee_stg (gcp-de-batch-sim/models\staging\Employee_Details_stg\Employee_stg.sql)
  Unrecognized name: EmployeeModifiedDate at [18:3]
  compiled code at target\run\dbt_employee_details\gcp-de-batch-sim/models\staging\Employee_Details_stg\Employee_stg.sql.
[0m18:23:31.646732 [debug] [Thread-2  ]: BigQuery adapter: https://console.cloud.google.com/bigquery?project=gcp-de-batch-sim-5&j=bq:US:ea69213a-6ec5-4cb6-92ac-d9e3f6313294&page=queryresults
[0m18:23:32.105678 [debug] [Thread-1  ]: Sending event: {'category': 'dbt', 'action': 'run_model', 'label': '065f1426-4215-4689-955e-975ef1a6d0ad', 'context': [<snowplow_tracker.self_describing_json.SelfDescribingJson object at 0x000001784D7DEC10>]}
[0m18:23:32.107081 [info ] [Thread-1  ]: 1 of 3 OK created sql view model Employee_Details_cur.Department_stg ........... [[32mCREATE VIEW (0 processed)[0m in 3.09s]
[0m18:23:32.109764 [debug] [Thread-1  ]: Finished running node model.dbt_employee_details.Department_stg
[0m18:23:33.844715 [debug] [Thread-2  ]: Sending event: {'category': 'dbt', 'action': 'run_model', 'label': '065f1426-4215-4689-955e-975ef1a6d0ad', 'context': [<snowplow_tracker.self_describing_json.SelfDescribingJson object at 0x000001784E1F0F70>]}
[0m18:23:33.846153 [info ] [Thread-2  ]: 2 of 3 OK created sql incremental model Employee_Details_cur.EmployeeDepartment_cur  [[32mMERGE (100.0 rows, 11.7 KiB processed)[0m in 4.83s]
[0m18:23:33.848986 [debug] [Thread-2  ]: Finished running node model.dbt_employee_details.EmployeeDepartment_cur
[0m18:23:33.851041 [debug] [MainThread]: Opening a new connection, currently in state closed
[0m18:23:33.887367 [debug] [MainThread]: Connection 'master' was properly closed.
[0m18:23:33.888349 [debug] [MainThread]: Connection 'list_gcp-de-batch-sim-5' was properly closed.
[0m18:23:33.888349 [debug] [MainThread]: Connection 'list_gcp-de-batch-sim-5_Employee_Details_cur' was properly closed.
[0m18:23:33.889367 [debug] [MainThread]: Connection 'model.dbt_employee_details.Department_stg' was properly closed.
[0m18:23:33.889367 [debug] [MainThread]: Connection 'model.dbt_employee_details.EmployeeDepartment_cur' was properly closed.
[0m18:23:33.890666 [debug] [MainThread]: Connection 'model.dbt_employee_details.Employee_stg' was properly closed.
[0m18:23:33.890666 [info ] [MainThread]: 
[0m18:23:33.891896 [info ] [MainThread]: Finished running 1 incremental model, 2 view models in 0 hours 0 minutes and 7.33 seconds (7.33s).
[0m18:23:33.893892 [debug] [MainThread]: Command end result
[0m18:23:33.924510 [debug] [MainThread]: Wrote artifact WritableManifest to D:\Learning\GCP Data Engineer\PDE Projects\git-repo\gcp-de-dbt-trans\target\manifest.json
[0m18:23:33.930997 [debug] [MainThread]: Wrote artifact SemanticManifest to D:\Learning\GCP Data Engineer\PDE Projects\git-repo\gcp-de-dbt-trans\target\semantic_manifest.json
[0m18:23:33.941304 [debug] [MainThread]: Wrote artifact RunExecutionResult to D:\Learning\GCP Data Engineer\PDE Projects\git-repo\gcp-de-dbt-trans\target\run_results.json
[0m18:23:33.942306 [info ] [MainThread]: 
[0m18:23:33.943306 [info ] [MainThread]: [31mCompleted with 1 error, 0 partial successes, and 0 warnings:[0m
[0m18:23:33.943306 [info ] [MainThread]: 
[0m18:23:33.944800 [error] [MainThread]: [31mFailure in model Employee_stg (gcp-de-batch-sim/models\staging\Employee_Details_stg\Employee_stg.sql)[0m
[0m18:23:33.945807 [error] [MainThread]:   Database Error in model Employee_stg (gcp-de-batch-sim/models\staging\Employee_Details_stg\Employee_stg.sql)
  Unrecognized name: EmployeeModifiedDate at [18:3]
  compiled code at target\run\dbt_employee_details\gcp-de-batch-sim/models\staging\Employee_Details_stg\Employee_stg.sql
[0m18:23:33.948741 [info ] [MainThread]: 
[0m18:23:33.950735 [info ] [MainThread]:   compiled code at target\compiled\dbt_employee_details\gcp-de-batch-sim/models\staging\Employee_Details_stg\Employee_stg.sql
[0m18:23:33.951916 [info ] [MainThread]: 
[0m18:23:33.953340 [info ] [MainThread]: Done. PASS=2 WARN=0 ERROR=1 SKIP=0 NO-OP=0 TOTAL=3
[0m18:23:33.954425 [debug] [MainThread]: Command `dbt run` failed at 18:23:33.954425 after 17.45 seconds
[0m18:23:33.955426 [debug] [MainThread]: Sending event: {'category': 'dbt', 'action': 'invocation', 'label': 'end', 'context': [<snowplow_tracker.self_describing_json.SelfDescribingJson object at 0x0000017826F8A220>, <snowplow_tracker.self_describing_json.SelfDescribingJson object at 0x000001784DF48370>, <snowplow_tracker.self_describing_json.SelfDescribingJson object at 0x000001784D8CBCA0>]}
[0m18:23:33.956424 [debug] [MainThread]: Flushing usage events
[0m18:23:35.577311 [debug] [MainThread]: An error was encountered while trying to flush usage events
[0m18:28:13.365128 [debug] [MainThread]: Sending event: {'category': 'dbt', 'action': 'invocation', 'label': 'start', 'context': [<snowplow_tracker.self_describing_json.SelfDescribingJson object at 0x00000156409C9220>, <snowplow_tracker.self_describing_json.SelfDescribingJson object at 0x0000015641CE0EB0>, <snowplow_tracker.self_describing_json.SelfDescribingJson object at 0x0000015641CE0220>]}


============================== 18:28:13.372893 | f30364ba-6f53-4493-b373-05a4332dea8e ==============================
[0m18:28:13.372893 [info ] [MainThread]: Running with dbt=1.11.0-b3
[0m18:28:13.375064 [debug] [MainThread]: running dbt with arguments {'printer_width': '80', 'indirect_selection': 'eager', 'log_cache_events': 'False', 'write_json': 'True', 'partial_parse': 'True', 'cache_selected_only': 'False', 'profiles_dir': 'C:\\Users\\devas\\.dbt', 'version_check': 'True', 'debug': 'False', 'log_path': 'D:\\Learning\\GCP Data Engineer\\PDE Projects\\git-repo\\gcp-de-dbt-trans\\logs', 'fail_fast': 'False', 'warn_error': 'None', 'use_colors': 'True', 'use_experimental_parser': 'False', 'empty': 'False', 'quiet': 'False', 'no_print': 'None', 'log_format': 'default', 'invocation_command': 'dbt run --select Employee_stg', 'static_parser': 'True', 'introspect': 'True', 'target_path': 'None', 'warn_error_options': 'WarnErrorOptionsV2(error=[], warn=[], silence=[])', 'send_anonymous_usage_stats': 'True'}
[0m18:28:22.194552 [debug] [MainThread]: Sending event: {'category': 'dbt', 'action': 'project_id', 'label': 'f30364ba-6f53-4493-b373-05a4332dea8e', 'context': [<snowplow_tracker.self_describing_json.SelfDescribingJson object at 0x00000156672D2220>]}
[0m18:28:22.325542 [debug] [MainThread]: Sending event: {'category': 'dbt', 'action': 'adapter_info', 'label': 'f30364ba-6f53-4493-b373-05a4332dea8e', 'context': [<snowplow_tracker.self_describing_json.SelfDescribingJson object at 0x00000156672CC550>]}
[0m18:28:22.326543 [info ] [MainThread]: Registered adapter: bigquery=1.10.2
[0m18:28:23.512693 [debug] [MainThread]: checksum: e63134dccc1251cfb572caf0e4aa952f030c125ee3634f3bf2c0a2e1bb6ae349, vars: {}, profile: , target: , version: 1.11.0b3
[0m18:28:24.060459 [debug] [MainThread]: Partial parsing enabled: 0 files deleted, 0 files added, 0 files changed.
[0m18:28:24.061617 [debug] [MainThread]: Partial parsing enabled, no changes found, skipping parsing
[0m18:28:24.070965 [warn ] [MainThread]: [[33mWARNING[0m]: Configuration paths exist in your dbt_project.yml file which do not apply to any resources.
There are 2 unused configuration paths:
- models.curation.employee_details_cur
- models.staging.Employee_Details_stg
[0m18:28:24.143539 [debug] [MainThread]: Sending event: {'category': 'dbt', 'action': 'load_project', 'label': 'f30364ba-6f53-4493-b373-05a4332dea8e', 'context': [<snowplow_tracker.self_describing_json.SelfDescribingJson object at 0x0000015667A50130>]}
[0m18:28:24.314169 [debug] [MainThread]: Wrote artifact WritableManifest to D:\Learning\GCP Data Engineer\PDE Projects\git-repo\gcp-de-dbt-trans\target\manifest.json
[0m18:28:24.320707 [debug] [MainThread]: Wrote artifact SemanticManifest to D:\Learning\GCP Data Engineer\PDE Projects\git-repo\gcp-de-dbt-trans\target\semantic_manifest.json
[0m18:28:24.380165 [debug] [MainThread]: Sending event: {'category': 'dbt', 'action': 'resource_counts', 'label': 'f30364ba-6f53-4493-b373-05a4332dea8e', 'context': [<snowplow_tracker.self_describing_json.SelfDescribingJson object at 0x0000015667A79580>]}
[0m18:28:24.381581 [info ] [MainThread]: Found 3 models, 15 data tests, 4 sources, 508 macros
[0m18:28:24.382848 [debug] [MainThread]: Sending event: {'category': 'dbt', 'action': 'runnable_timing', 'label': 'f30364ba-6f53-4493-b373-05a4332dea8e', 'context': [<snowplow_tracker.self_describing_json.SelfDescribingJson object at 0x0000015667A52A00>]}
[0m18:28:24.385316 [info ] [MainThread]: 
[0m18:28:24.386442 [info ] [MainThread]: Concurrency: 4 threads (target='dev')
[0m18:28:24.387466 [info ] [MainThread]: 
[0m18:28:24.389456 [debug] [MainThread]: Acquiring new bigquery connection 'master'
[0m18:28:24.391473 [debug] [ThreadPool]: Acquiring new bigquery connection 'list_gcp-de-batch-sim-5'
[0m18:28:24.392447 [debug] [ThreadPool]: Opening a new connection, currently in state init
[0m18:28:25.589293 [debug] [ThreadPool]: Acquiring new bigquery connection 'list_gcp-de-batch-sim-5_Employee_Details_cur'
[0m18:28:25.590437 [debug] [ThreadPool]: Opening a new connection, currently in state init
[0m18:28:26.649237 [debug] [MainThread]: Sending event: {'category': 'dbt', 'action': 'runnable_timing', 'label': 'f30364ba-6f53-4493-b373-05a4332dea8e', 'context': [<snowplow_tracker.self_describing_json.SelfDescribingJson object at 0x0000015641CB60A0>]}
[0m18:28:26.650359 [debug] [MainThread]: Opening a new connection, currently in state init
[0m18:28:26.697806 [debug] [Thread-1  ]: Began running node model.dbt_employee_details.Employee_stg
[0m18:28:26.698810 [info ] [Thread-1  ]: 1 of 1 START sql view model Employee_Details_cur.Employee_stg .................. [RUN]
[0m18:28:26.699805 [debug] [Thread-1  ]: Acquiring new bigquery connection 'model.dbt_employee_details.Employee_stg'
[0m18:28:26.700810 [debug] [Thread-1  ]: Began compiling node model.dbt_employee_details.Employee_stg
[0m18:28:26.712814 [debug] [Thread-1  ]: Writing injected SQL for node "model.dbt_employee_details.Employee_stg"
[0m18:28:26.713819 [debug] [Thread-1  ]: Began executing node model.dbt_employee_details.Employee_stg
[0m18:28:26.750141 [debug] [Thread-1  ]: Writing runtime sql for node "model.dbt_employee_details.Employee_stg"
[0m18:28:26.752857 [debug] [Thread-1  ]: On model.dbt_employee_details.Employee_stg: /* {"app": "dbt", "dbt_version": "1.11.0b3", "profile_name": "gcp_de_batch_sim_5", "target_name": "dev", "node_id": "model.dbt_employee_details.Employee_stg"} */


  create or replace view `gcp-de-batch-sim-5`.`Employee_Details_cur`.`Employee_stg`
  OPTIONS()
  as SELECT
  BusinessEntityID,
  LoginID,
  NationalIDNumber,
  JobTitle,
  BirthDate,
  Gender,
  HireDate,
  SalariedFlag,
  VacationHours,
  SickLeaveHours,
  CurrentFlag,
  EmployeeModifiedDate,
  DepartmentID
FROM `gcp-de-batch-sim-5`.`Employee_Details_stg`.`Employee_stg`;


[0m18:28:26.754102 [debug] [Thread-1  ]: Opening a new connection, currently in state init
[0m18:28:27.929196 [debug] [Thread-1  ]: BigQuery adapter: https://console.cloud.google.com/bigquery?project=gcp-de-batch-sim-5&j=bq:US:179df9a0-edf2-402c-98f7-fc344b5c2ea5&page=queryresults
[0m18:28:28.380638 [error] [Thread-1  ]: BigQuery adapter: https://console.cloud.google.com/bigquery?project=gcp-de-batch-sim-5&j=bq:US:179df9a0-edf2-402c-98f7-fc344b5c2ea5&page=queryresults
[0m18:28:28.406453 [debug] [Thread-1  ]: Database Error in model Employee_stg (gcp-de-batch-sim/models\staging\Employee_Details_stg\Employee_stg.sql)
  Unrecognized name: EmployeeModifiedDate at [18:3]
  compiled code at target\run\dbt_employee_details\gcp-de-batch-sim/models\staging\Employee_Details_stg\Employee_stg.sql
[0m18:28:28.409802 [debug] [Thread-1  ]: Sending event: {'category': 'dbt', 'action': 'run_model', 'label': 'f30364ba-6f53-4493-b373-05a4332dea8e', 'context': [<snowplow_tracker.self_describing_json.SelfDescribingJson object at 0x0000015667A9D400>]}
[0m18:28:28.411975 [error] [Thread-1  ]: 1 of 1 ERROR creating sql view model Employee_Details_cur.Employee_stg ......... [[31mERROR[0m in 1.71s]
[0m18:28:28.413991 [debug] [Thread-1  ]: Finished running node model.dbt_employee_details.Employee_stg
[0m18:28:28.415987 [debug] [Thread-7  ]: Marking all children of 'model.dbt_employee_details.Employee_stg' to be skipped because of status 'error'.  Reason: Database Error in model Employee_stg (gcp-de-batch-sim/models\staging\Employee_Details_stg\Employee_stg.sql)
  Unrecognized name: EmployeeModifiedDate at [18:3]
  compiled code at target\run\dbt_employee_details\gcp-de-batch-sim/models\staging\Employee_Details_stg\Employee_stg.sql.
[0m18:28:28.419609 [debug] [MainThread]: Opening a new connection, currently in state closed
[0m18:28:28.457067 [debug] [MainThread]: Connection 'master' was properly closed.
[0m18:28:28.458079 [debug] [MainThread]: Connection 'list_gcp-de-batch-sim-5' was properly closed.
[0m18:28:28.459078 [debug] [MainThread]: Connection 'list_gcp-de-batch-sim-5_Employee_Details_cur' was properly closed.
[0m18:28:28.460078 [debug] [MainThread]: Connection 'model.dbt_employee_details.Employee_stg' was properly closed.
[0m18:28:28.461073 [info ] [MainThread]: 
[0m18:28:28.462076 [info ] [MainThread]: Finished running 1 view model in 0 hours 0 minutes and 4.07 seconds (4.07s).
[0m18:28:28.464280 [debug] [MainThread]: Command end result
[0m18:28:28.764800 [debug] [MainThread]: Wrote artifact WritableManifest to D:\Learning\GCP Data Engineer\PDE Projects\git-repo\gcp-de-dbt-trans\target\manifest.json
[0m18:28:28.776615 [debug] [MainThread]: Wrote artifact SemanticManifest to D:\Learning\GCP Data Engineer\PDE Projects\git-repo\gcp-de-dbt-trans\target\semantic_manifest.json
[0m18:28:28.787032 [debug] [MainThread]: Wrote artifact RunExecutionResult to D:\Learning\GCP Data Engineer\PDE Projects\git-repo\gcp-de-dbt-trans\target\run_results.json
[0m18:28:28.788019 [info ] [MainThread]: 
[0m18:28:28.790029 [info ] [MainThread]: [31mCompleted with 1 error, 0 partial successes, and 0 warnings:[0m
[0m18:28:28.791026 [info ] [MainThread]: 
[0m18:28:28.793022 [error] [MainThread]: [31mFailure in model Employee_stg (gcp-de-batch-sim/models\staging\Employee_Details_stg\Employee_stg.sql)[0m
[0m18:28:28.795026 [error] [MainThread]:   Database Error in model Employee_stg (gcp-de-batch-sim/models\staging\Employee_Details_stg\Employee_stg.sql)
  Unrecognized name: EmployeeModifiedDate at [18:3]
  compiled code at target\run\dbt_employee_details\gcp-de-batch-sim/models\staging\Employee_Details_stg\Employee_stg.sql
[0m18:28:28.796022 [info ] [MainThread]: 
[0m18:28:28.799307 [info ] [MainThread]:   compiled code at target\compiled\dbt_employee_details\gcp-de-batch-sim/models\staging\Employee_Details_stg\Employee_stg.sql
[0m18:28:28.801304 [info ] [MainThread]: 
[0m18:28:28.803340 [info ] [MainThread]: Done. PASS=0 WARN=0 ERROR=1 SKIP=0 NO-OP=0 TOTAL=1
[0m18:28:28.807004 [debug] [MainThread]: Command `dbt run` failed at 18:28:28.806008 after 15.65 seconds
[0m18:28:28.808255 [debug] [MainThread]: Sending event: {'category': 'dbt', 'action': 'invocation', 'label': 'end', 'context': [<snowplow_tracker.self_describing_json.SelfDescribingJson object at 0x00000156409C9220>, <snowplow_tracker.self_describing_json.SelfDescribingJson object at 0x0000015640D70580>, <snowplow_tracker.self_describing_json.SelfDescribingJson object at 0x00000156674B1040>]}
[0m18:28:28.809254 [debug] [MainThread]: Flushing usage events
[0m18:28:30.592583 [debug] [MainThread]: An error was encountered while trying to flush usage events
[0m18:30:52.815183 [debug] [MainThread]: Sending event: {'category': 'dbt', 'action': 'invocation', 'label': 'start', 'context': [<snowplow_tracker.self_describing_json.SelfDescribingJson object at 0x00000136FB9A92B0>, <snowplow_tracker.self_describing_json.SelfDescribingJson object at 0x00000136FCCC0F10>, <snowplow_tracker.self_describing_json.SelfDescribingJson object at 0x00000136FCCC0250>]}


============================== 18:30:52.823794 | 3c9fefc6-3097-4c86-9844-eefbce569620 ==============================
[0m18:30:52.823794 [info ] [MainThread]: Running with dbt=1.11.0-b3
[0m18:30:52.826012 [debug] [MainThread]: running dbt with arguments {'printer_width': '80', 'indirect_selection': 'eager', 'log_cache_events': 'False', 'write_json': 'True', 'partial_parse': 'True', 'cache_selected_only': 'False', 'profiles_dir': 'C:\\Users\\devas\\.dbt', 'fail_fast': 'False', 'debug': 'False', 'log_path': 'D:\\Learning\\GCP Data Engineer\\PDE Projects\\git-repo\\gcp-de-dbt-trans\\logs', 'version_check': 'True', 'warn_error': 'None', 'use_colors': 'True', 'use_experimental_parser': 'False', 'no_print': 'None', 'quiet': 'False', 'empty': 'False', 'log_format': 'default', 'introspect': 'True', 'static_parser': 'True', 'invocation_command': 'dbt run --select Employee_stg', 'target_path': 'None', 'warn_error_options': 'WarnErrorOptionsV2(error=[], warn=[], silence=[])', 'send_anonymous_usage_stats': 'True'}
[0m18:31:03.292070 [debug] [MainThread]: Sending event: {'category': 'dbt', 'action': 'project_id', 'label': '3c9fefc6-3097-4c86-9844-eefbce569620', 'context': [<snowplow_tracker.self_describing_json.SelfDescribingJson object at 0x00000136A24DADF0>]}
[0m18:31:03.379793 [debug] [MainThread]: Sending event: {'category': 'dbt', 'action': 'adapter_info', 'label': '3c9fefc6-3097-4c86-9844-eefbce569620', 'context': [<snowplow_tracker.self_describing_json.SelfDescribingJson object at 0x00000136FCC41EB0>]}
[0m18:31:03.380835 [info ] [MainThread]: Registered adapter: bigquery=1.10.2
[0m18:31:04.732294 [debug] [MainThread]: checksum: e63134dccc1251cfb572caf0e4aa952f030c125ee3634f3bf2c0a2e1bb6ae349, vars: {}, profile: , target: , version: 1.11.0b3
[0m18:31:05.163833 [debug] [MainThread]: Partial parsing enabled: 0 files deleted, 0 files added, 0 files changed.
[0m18:31:05.164833 [debug] [MainThread]: Partial parsing enabled, no changes found, skipping parsing
[0m18:31:05.174021 [warn ] [MainThread]: [[33mWARNING[0m]: Configuration paths exist in your dbt_project.yml file which do not apply to any resources.
There are 2 unused configuration paths:
- models.staging.Employee_Details_stg
- models.curation.employee_details_cur
[0m18:31:05.260015 [debug] [MainThread]: Sending event: {'category': 'dbt', 'action': 'load_project', 'label': '3c9fefc6-3097-4c86-9844-eefbce569620', 'context': [<snowplow_tracker.self_describing_json.SelfDescribingJson object at 0x00000136A2CC1130>]}
[0m18:31:05.390001 [debug] [MainThread]: Wrote artifact WritableManifest to D:\Learning\GCP Data Engineer\PDE Projects\git-repo\gcp-de-dbt-trans\target\manifest.json
[0m18:31:05.396515 [debug] [MainThread]: Wrote artifact SemanticManifest to D:\Learning\GCP Data Engineer\PDE Projects\git-repo\gcp-de-dbt-trans\target\semantic_manifest.json
[0m18:31:05.470098 [debug] [MainThread]: Sending event: {'category': 'dbt', 'action': 'resource_counts', 'label': '3c9fefc6-3097-4c86-9844-eefbce569620', 'context': [<snowplow_tracker.self_describing_json.SelfDescribingJson object at 0x00000136A2C74BB0>]}
[0m18:31:05.471100 [info ] [MainThread]: Found 3 models, 15 data tests, 4 sources, 508 macros
[0m18:31:05.472106 [debug] [MainThread]: Sending event: {'category': 'dbt', 'action': 'runnable_timing', 'label': '3c9fefc6-3097-4c86-9844-eefbce569620', 'context': [<snowplow_tracker.self_describing_json.SelfDescribingJson object at 0x00000136A2CC6F40>]}
[0m18:31:05.474528 [info ] [MainThread]: 
[0m18:31:05.476552 [info ] [MainThread]: Concurrency: 4 threads (target='dev')
[0m18:31:05.477674 [info ] [MainThread]: 
[0m18:31:05.478742 [debug] [MainThread]: Acquiring new bigquery connection 'master'
[0m18:31:05.480868 [debug] [ThreadPool]: Acquiring new bigquery connection 'list_gcp-de-batch-sim-5'
[0m18:31:05.482401 [debug] [ThreadPool]: Opening a new connection, currently in state init
[0m18:31:06.809588 [debug] [ThreadPool]: Acquiring new bigquery connection 'list_gcp-de-batch-sim-5_Employee_Details_cur'
[0m18:31:06.811758 [debug] [ThreadPool]: Opening a new connection, currently in state init
[0m18:31:07.907438 [debug] [MainThread]: Sending event: {'category': 'dbt', 'action': 'runnable_timing', 'label': '3c9fefc6-3097-4c86-9844-eefbce569620', 'context': [<snowplow_tracker.self_describing_json.SelfDescribingJson object at 0x00000136FCC96130>]}
[0m18:31:07.908446 [debug] [MainThread]: Opening a new connection, currently in state init
[0m18:31:07.952138 [debug] [Thread-1  ]: Began running node model.dbt_employee_details.Employee_stg
[0m18:31:07.954353 [info ] [Thread-1  ]: 1 of 1 START sql view model Employee_Details_cur.Employee_stg .................. [RUN]
[0m18:31:07.955354 [debug] [Thread-1  ]: Acquiring new bigquery connection 'model.dbt_employee_details.Employee_stg'
[0m18:31:07.956354 [debug] [Thread-1  ]: Began compiling node model.dbt_employee_details.Employee_stg
[0m18:31:07.967375 [debug] [Thread-1  ]: Writing injected SQL for node "model.dbt_employee_details.Employee_stg"
[0m18:31:07.968373 [debug] [Thread-1  ]: Began executing node model.dbt_employee_details.Employee_stg
[0m18:31:08.000368 [debug] [Thread-1  ]: Writing runtime sql for node "model.dbt_employee_details.Employee_stg"
[0m18:31:08.002376 [debug] [Thread-1  ]: On model.dbt_employee_details.Employee_stg: /* {"app": "dbt", "dbt_version": "1.11.0b3", "profile_name": "gcp_de_batch_sim_5", "target_name": "dev", "node_id": "model.dbt_employee_details.Employee_stg"} */


  create or replace view `gcp-de-batch-sim-5`.`Employee_Details_cur`.`Employee_stg`
  OPTIONS()
  as SELECT
  BusinessEntityID,
  LoginID,
  NationalIDNumber,
  JobTitle,
  BirthDate,
  Gender,
  HireDate,
  SalariedFlag,
  VacationHours,
  SickLeaveHours,
  CurrentFlag,
  DepartmentID
FROM `gcp-de-batch-sim-5`.`Employee_Details_stg`.`Employee_stg`;


[0m18:31:08.003377 [debug] [Thread-1  ]: Opening a new connection, currently in state init
[0m18:31:09.345513 [debug] [Thread-1  ]: BigQuery adapter: https://console.cloud.google.com/bigquery?project=gcp-de-batch-sim-5&j=bq:US:4ef90b69-ec61-4c02-a74b-a84159840cf6&page=queryresults
[0m18:31:10.989828 [debug] [Thread-1  ]: Sending event: {'category': 'dbt', 'action': 'run_model', 'label': '3c9fefc6-3097-4c86-9844-eefbce569620', 'context': [<snowplow_tracker.self_describing_json.SelfDescribingJson object at 0x00000136A2D0B430>]}
[0m18:31:10.990829 [info ] [Thread-1  ]: 1 of 1 OK created sql view model Employee_Details_cur.Employee_stg ............. [[32mCREATE VIEW (0 processed)[0m in 3.03s]
[0m18:31:10.992880 [debug] [Thread-1  ]: Finished running node model.dbt_employee_details.Employee_stg
[0m18:31:10.994883 [debug] [MainThread]: Opening a new connection, currently in state closed
[0m18:31:11.036891 [debug] [MainThread]: Connection 'master' was properly closed.
[0m18:31:11.037884 [debug] [MainThread]: Connection 'list_gcp-de-batch-sim-5' was properly closed.
[0m18:31:11.038883 [debug] [MainThread]: Connection 'list_gcp-de-batch-sim-5_Employee_Details_cur' was properly closed.
[0m18:31:11.039885 [debug] [MainThread]: Connection 'model.dbt_employee_details.Employee_stg' was properly closed.
[0m18:31:11.041886 [info ] [MainThread]: 
[0m18:31:11.042879 [info ] [MainThread]: Finished running 1 view model in 0 hours 0 minutes and 5.56 seconds (5.56s).
[0m18:31:11.045265 [debug] [MainThread]: Command end result
[0m18:31:11.091511 [debug] [MainThread]: Wrote artifact WritableManifest to D:\Learning\GCP Data Engineer\PDE Projects\git-repo\gcp-de-dbt-trans\target\manifest.json
[0m18:31:11.096969 [debug] [MainThread]: Wrote artifact SemanticManifest to D:\Learning\GCP Data Engineer\PDE Projects\git-repo\gcp-de-dbt-trans\target\semantic_manifest.json
[0m18:31:11.108001 [debug] [MainThread]: Wrote artifact RunExecutionResult to D:\Learning\GCP Data Engineer\PDE Projects\git-repo\gcp-de-dbt-trans\target\run_results.json
[0m18:31:11.109167 [info ] [MainThread]: 
[0m18:31:11.110183 [info ] [MainThread]: [32mCompleted successfully[0m
[0m18:31:11.111180 [info ] [MainThread]: 
[0m18:31:11.112313 [info ] [MainThread]: Done. PASS=1 WARN=0 ERROR=0 SKIP=0 NO-OP=0 TOTAL=1
[0m18:31:11.113310 [debug] [MainThread]: Command `dbt run` succeeded at 18:31:11.113310 after 18.54 seconds
[0m18:31:11.114308 [debug] [MainThread]: Sending event: {'category': 'dbt', 'action': 'invocation', 'label': 'end', 'context': [<snowplow_tracker.self_describing_json.SelfDescribingJson object at 0x00000136FB9A92B0>, <snowplow_tracker.self_describing_json.SelfDescribingJson object at 0x00000136A2C74BB0>, <snowplow_tracker.self_describing_json.SelfDescribingJson object at 0x00000136FBDA1730>]}
[0m18:31:11.114308 [debug] [MainThread]: Flushing usage events
[0m18:31:12.871495 [debug] [MainThread]: An error was encountered while trying to flush usage events
[0m18:31:34.299442 [debug] [MainThread]: Sending event: {'category': 'dbt', 'action': 'invocation', 'label': 'start', 'context': [<snowplow_tracker.self_describing_json.SelfDescribingJson object at 0x0000026441929250>, <snowplow_tracker.self_describing_json.SelfDescribingJson object at 0x0000026442C3FEB0>, <snowplow_tracker.self_describing_json.SelfDescribingJson object at 0x0000026442C3F220>]}


============================== 18:31:34.305471 | 6e49068a-9b0e-4ad2-bf18-9afa47ce4d19 ==============================
[0m18:31:34.305471 [info ] [MainThread]: Running with dbt=1.11.0-b3
[0m18:31:34.306458 [debug] [MainThread]: running dbt with arguments {'printer_width': '80', 'indirect_selection': 'eager', 'log_cache_events': 'False', 'write_json': 'True', 'partial_parse': 'True', 'cache_selected_only': 'False', 'warn_error': 'None', 'debug': 'False', 'version_check': 'True', 'log_path': 'D:\\Learning\\GCP Data Engineer\\PDE Projects\\git-repo\\gcp-de-dbt-trans\\logs', 'profiles_dir': 'C:\\Users\\devas\\.dbt', 'fail_fast': 'False', 'use_colors': 'True', 'use_experimental_parser': 'False', 'empty': 'False', 'quiet': 'False', 'no_print': 'None', 'log_format': 'default', 'static_parser': 'True', 'warn_error_options': 'WarnErrorOptionsV2(error=[], warn=[], silence=[])', 'introspect': 'True', 'target_path': 'None', 'invocation_command': 'dbt run', 'send_anonymous_usage_stats': 'True'}
[0m18:31:42.951814 [debug] [MainThread]: Sending event: {'category': 'dbt', 'action': 'project_id', 'label': '6e49068a-9b0e-4ad2-bf18-9afa47ce4d19', 'context': [<snowplow_tracker.self_describing_json.SelfDescribingJson object at 0x000002643EDE2DF0>]}
[0m18:31:43.084991 [debug] [MainThread]: Sending event: {'category': 'dbt', 'action': 'adapter_info', 'label': '6e49068a-9b0e-4ad2-bf18-9afa47ce4d19', 'context': [<snowplow_tracker.self_describing_json.SelfDescribingJson object at 0x00000264681D5880>]}
[0m18:31:43.087452 [info ] [MainThread]: Registered adapter: bigquery=1.10.2
[0m18:31:44.987839 [debug] [MainThread]: checksum: e63134dccc1251cfb572caf0e4aa952f030c125ee3634f3bf2c0a2e1bb6ae349, vars: {}, profile: , target: , version: 1.11.0b3
[0m18:31:45.585898 [debug] [MainThread]: Partial parsing enabled: 0 files deleted, 0 files added, 0 files changed.
[0m18:31:45.586898 [debug] [MainThread]: Partial parsing enabled, no changes found, skipping parsing
[0m18:31:45.598942 [warn ] [MainThread]: [[33mWARNING[0m]: Configuration paths exist in your dbt_project.yml file which do not apply to any resources.
There are 2 unused configuration paths:
- models.staging.Employee_Details_stg
- models.curation.employee_details_cur
[0m18:31:45.689707 [debug] [MainThread]: Sending event: {'category': 'dbt', 'action': 'load_project', 'label': '6e49068a-9b0e-4ad2-bf18-9afa47ce4d19', 'context': [<snowplow_tracker.self_describing_json.SelfDescribingJson object at 0x00000264689BF130>]}
[0m18:31:45.879077 [debug] [MainThread]: Wrote artifact WritableManifest to D:\Learning\GCP Data Engineer\PDE Projects\git-repo\gcp-de-dbt-trans\target\manifest.json
[0m18:31:45.887118 [debug] [MainThread]: Wrote artifact SemanticManifest to D:\Learning\GCP Data Engineer\PDE Projects\git-repo\gcp-de-dbt-trans\target\semantic_manifest.json
[0m18:31:45.962378 [debug] [MainThread]: Sending event: {'category': 'dbt', 'action': 'resource_counts', 'label': '6e49068a-9b0e-4ad2-bf18-9afa47ce4d19', 'context': [<snowplow_tracker.self_describing_json.SelfDescribingJson object at 0x00000264689741C0>]}
[0m18:31:45.963905 [info ] [MainThread]: Found 3 models, 15 data tests, 4 sources, 508 macros
[0m18:31:45.965422 [debug] [MainThread]: Sending event: {'category': 'dbt', 'action': 'runnable_timing', 'label': '6e49068a-9b0e-4ad2-bf18-9afa47ce4d19', 'context': [<snowplow_tracker.self_describing_json.SelfDescribingJson object at 0x00000264689BCC40>]}
[0m18:31:45.968452 [info ] [MainThread]: 
[0m18:31:45.969450 [info ] [MainThread]: Concurrency: 4 threads (target='dev')
[0m18:31:45.970447 [info ] [MainThread]: 
[0m18:31:45.972769 [debug] [MainThread]: Acquiring new bigquery connection 'master'
[0m18:31:45.982369 [debug] [ThreadPool]: Acquiring new bigquery connection 'list_gcp-de-batch-sim-5'
[0m18:31:45.983906 [debug] [ThreadPool]: Opening a new connection, currently in state init
[0m18:31:47.060799 [debug] [ThreadPool]: Acquiring new bigquery connection 'list_gcp-de-batch-sim-5_Employee_Details_cur'
[0m18:31:47.061801 [debug] [ThreadPool]: Opening a new connection, currently in state init
[0m18:31:48.263225 [debug] [MainThread]: Sending event: {'category': 'dbt', 'action': 'runnable_timing', 'label': '6e49068a-9b0e-4ad2-bf18-9afa47ce4d19', 'context': [<snowplow_tracker.self_describing_json.SelfDescribingJson object at 0x00000264681BDD00>]}
[0m18:31:48.264732 [debug] [MainThread]: Opening a new connection, currently in state init
[0m18:31:48.316145 [debug] [Thread-1  ]: Began running node model.dbt_employee_details.Department_stg
[0m18:31:48.317164 [debug] [Thread-2  ]: Began running node model.dbt_employee_details.EmployeeDepartment_cur
[0m18:31:48.318164 [debug] [Thread-3  ]: Began running node model.dbt_employee_details.Employee_stg
[0m18:31:48.319161 [info ] [Thread-1  ]: 1 of 3 START sql view model Employee_Details_cur.Department_stg ................ [RUN]
[0m18:31:48.321163 [info ] [Thread-2  ]: 2 of 3 START sql incremental model Employee_Details_cur.EmployeeDepartment_cur . [RUN]
[0m18:31:48.323164 [info ] [Thread-3  ]: 3 of 3 START sql view model Employee_Details_cur.Employee_stg .................. [RUN]
[0m18:31:48.324680 [debug] [Thread-1  ]: Acquiring new bigquery connection 'model.dbt_employee_details.Department_stg'
[0m18:31:48.326920 [debug] [Thread-2  ]: Acquiring new bigquery connection 'model.dbt_employee_details.EmployeeDepartment_cur'
[0m18:31:48.327920 [debug] [Thread-3  ]: Acquiring new bigquery connection 'model.dbt_employee_details.Employee_stg'
[0m18:31:48.330072 [debug] [Thread-1  ]: Began compiling node model.dbt_employee_details.Department_stg
[0m18:31:48.331446 [debug] [Thread-2  ]: Began compiling node model.dbt_employee_details.EmployeeDepartment_cur
[0m18:31:48.331446 [debug] [Thread-3  ]: Began compiling node model.dbt_employee_details.Employee_stg
[0m18:31:48.350822 [debug] [Thread-1  ]: Writing injected SQL for node "model.dbt_employee_details.Department_stg"
[0m18:31:48.358935 [debug] [Thread-2  ]: Writing injected SQL for node "model.dbt_employee_details.EmployeeDepartment_cur"
[0m18:31:48.365353 [debug] [Thread-3  ]: Writing injected SQL for node "model.dbt_employee_details.Employee_stg"
[0m18:31:48.368412 [debug] [Thread-1  ]: Began executing node model.dbt_employee_details.Department_stg
[0m18:31:48.392590 [debug] [Thread-2  ]: Began executing node model.dbt_employee_details.EmployeeDepartment_cur
[0m18:31:48.415903 [debug] [Thread-1  ]: Writing runtime sql for node "model.dbt_employee_details.Department_stg"
[0m18:31:48.415903 [debug] [Thread-3  ]: Began executing node model.dbt_employee_details.Employee_stg
[0m18:31:48.463029 [debug] [Thread-2  ]: Opening a new connection, currently in state init
[0m18:31:48.684979 [debug] [Thread-3  ]: Writing runtime sql for node "model.dbt_employee_details.Employee_stg"
[0m18:31:48.687773 [debug] [Thread-1  ]: On model.dbt_employee_details.Department_stg: /* {"app": "dbt", "dbt_version": "1.11.0b3", "profile_name": "gcp_de_batch_sim_5", "target_name": "dev", "node_id": "model.dbt_employee_details.Department_stg"} */


  create or replace view `gcp-de-batch-sim-5`.`Employee_Details_cur`.`Department_stg`
  OPTIONS()
  as SELECT
  DepartmentID,
  Name AS DepartmentName,
  GroupName
FROM `gcp-de-batch-sim-5`.`Employee_Details_stg`.`Department_stg`;


[0m18:31:48.732136 [debug] [Thread-1  ]: Opening a new connection, currently in state init
[0m18:31:48.733476 [debug] [Thread-3  ]: On model.dbt_employee_details.Employee_stg: /* {"app": "dbt", "dbt_version": "1.11.0b3", "profile_name": "gcp_de_batch_sim_5", "target_name": "dev", "node_id": "model.dbt_employee_details.Employee_stg"} */


  create or replace view `gcp-de-batch-sim-5`.`Employee_Details_cur`.`Employee_stg`
  OPTIONS()
  as SELECT
  BusinessEntityID,
  LoginID,
  NationalIDNumber,
  JobTitle,
  BirthDate,
  Gender,
  HireDate,
  SalariedFlag,
  VacationHours,
  SickLeaveHours,
  CurrentFlag,
  DepartmentID
FROM `gcp-de-batch-sim-5`.`Employee_Details_stg`.`Employee_stg`;


[0m18:31:48.784720 [debug] [Thread-3  ]: Opening a new connection, currently in state init
[0m18:31:49.878129 [debug] [Thread-2  ]: Writing runtime sql for node "model.dbt_employee_details.EmployeeDepartment_cur"
[0m18:31:49.880122 [debug] [Thread-2  ]: On model.dbt_employee_details.EmployeeDepartment_cur: /* {"app": "dbt", "dbt_version": "1.11.0b3", "profile_name": "gcp_de_batch_sim_5", "target_name": "dev", "node_id": "model.dbt_employee_details.EmployeeDepartment_cur"} */
-- back compat for old kwarg name
  
  
        
            
	    
	    
            
        
    

    

    merge into `gcp-de-batch-sim-5`.`Employee_Details_cur`.`EmployeeDepartment_cur` as DBT_INTERNAL_DEST
        using (

WITH employee AS (
    SELECT
        CAST(BusinessEntityID AS INT64) AS BusinessEntityID,
        LoginID,
        NationalIDNumber,
        JobTitle,
        BirthDate,
        Gender,
        HireDate,
        SalariedFlag,
        VacationHours,
        SickLeaveHours,
        CurrentFlag,
        CAST(CURRENT_TIMESTAMP AS TIMESTAMP) AS EmployeeModifiedDate,
        DepartmentID
    FROM `gcp-de-batch-sim-5`.`Employee_Details_stg`.`Employee_stg`
),

department AS (
    SELECT
        DepartmentID,
        Name AS DepartmentName,
        GroupName
    FROM `gcp-de-batch-sim-5`.`Employee_Details_stg`.`Department_stg`
)

SELECT
    e.BusinessEntityID,
    e.LoginID,
    e.NationalIDNumber,
    e.JobTitle,
    e.BirthDate,
    e.Gender,
    e.HireDate,
    e.SalariedFlag,
    e.VacationHours,
    e.SickLeaveHours,
    e.CurrentFlag,
    e.EmployeeModifiedDate,
    CAST(e.DepartmentID AS INT64) AS DepartmentID,
    d.DepartmentName,
    d.GroupName,
    CURRENT_TIMESTAMP() AS CurationIngestionTime,
    CURRENT_DATE() AS RowStartDate,
    DATE '9999-12-31' AS RowEndDate
FROM employee e
LEFT JOIN department d
  ON CAST(e.DepartmentID AS INT64)= d.DepartmentID
        ) as DBT_INTERNAL_SOURCE
        on ((DBT_INTERNAL_SOURCE.BusinessEntityID = DBT_INTERNAL_DEST.BusinessEntityID))

    
    when matched then update set
        `BusinessEntityID` = DBT_INTERNAL_SOURCE.`BusinessEntityID`,`LoginID` = DBT_INTERNAL_SOURCE.`LoginID`,`NationalIDNumber` = DBT_INTERNAL_SOURCE.`NationalIDNumber`,`JobTitle` = DBT_INTERNAL_SOURCE.`JobTitle`,`BirthDate` = DBT_INTERNAL_SOURCE.`BirthDate`,`Gender` = DBT_INTERNAL_SOURCE.`Gender`,`HireDate` = DBT_INTERNAL_SOURCE.`HireDate`,`SalariedFlag` = DBT_INTERNAL_SOURCE.`SalariedFlag`,`VacationHours` = DBT_INTERNAL_SOURCE.`VacationHours`,`SickLeaveHours` = DBT_INTERNAL_SOURCE.`SickLeaveHours`,`CurrentFlag` = DBT_INTERNAL_SOURCE.`CurrentFlag`,`EmployeeModifiedDate` = DBT_INTERNAL_SOURCE.`EmployeeModifiedDate`,`DepartmentID` = DBT_INTERNAL_SOURCE.`DepartmentID`,`DepartmentName` = DBT_INTERNAL_SOURCE.`DepartmentName`,`GroupName` = DBT_INTERNAL_SOURCE.`GroupName`,`CurationIngestionTime` = DBT_INTERNAL_SOURCE.`CurationIngestionTime`,`RowStartDate` = DBT_INTERNAL_SOURCE.`RowStartDate`,`RowEndDate` = DBT_INTERNAL_SOURCE.`RowEndDate`
    

    when not matched then insert
        (`BusinessEntityID`, `LoginID`, `NationalIDNumber`, `JobTitle`, `BirthDate`, `Gender`, `HireDate`, `SalariedFlag`, `VacationHours`, `SickLeaveHours`, `CurrentFlag`, `EmployeeModifiedDate`, `DepartmentID`, `DepartmentName`, `GroupName`, `CurationIngestionTime`, `RowStartDate`, `RowEndDate`)
    values
        (`BusinessEntityID`, `LoginID`, `NationalIDNumber`, `JobTitle`, `BirthDate`, `Gender`, `HireDate`, `SalariedFlag`, `VacationHours`, `SickLeaveHours`, `CurrentFlag`, `EmployeeModifiedDate`, `DepartmentID`, `DepartmentName`, `GroupName`, `CurationIngestionTime`, `RowStartDate`, `RowEndDate`)


    
[0m18:31:50.027078 [debug] [Thread-1  ]: BigQuery adapter: https://console.cloud.google.com/bigquery?project=gcp-de-batch-sim-5&j=bq:US:3f3d8556-8d9d-4216-a7e2-a409786f098a&page=queryresults
[0m18:31:50.083450 [debug] [Thread-3  ]: BigQuery adapter: https://console.cloud.google.com/bigquery?project=gcp-de-batch-sim-5&j=bq:US:ae290508-91fd-46bf-953a-b51d90ea6782&page=queryresults
[0m18:31:50.642510 [debug] [Thread-2  ]: BigQuery adapter: https://console.cloud.google.com/bigquery?project=gcp-de-batch-sim-5&j=bq:US:3d56f555-ce60-443f-b4f0-29161750df3b&page=queryresults
[0m18:31:52.020252 [debug] [Thread-1  ]: Sending event: {'category': 'dbt', 'action': 'run_model', 'label': '6e49068a-9b0e-4ad2-bf18-9afa47ce4d19', 'context': [<snowplow_tracker.self_describing_json.SelfDescribingJson object at 0x0000026468ADAFD0>]}
[0m18:31:52.021246 [debug] [Thread-3  ]: Sending event: {'category': 'dbt', 'action': 'run_model', 'label': '6e49068a-9b0e-4ad2-bf18-9afa47ce4d19', 'context': [<snowplow_tracker.self_describing_json.SelfDescribingJson object at 0x00000264621ADCD0>]}
[0m18:31:52.023589 [info ] [Thread-1  ]: 1 of 3 OK created sql view model Employee_Details_cur.Department_stg ........... [[32mCREATE VIEW (0 processed)[0m in 3.69s]
[0m18:31:52.027254 [info ] [Thread-3  ]: 3 of 3 OK created sql view model Employee_Details_cur.Employee_stg ............. [[32mCREATE VIEW (0 processed)[0m in 3.69s]
[0m18:31:52.028260 [debug] [Thread-1  ]: Finished running node model.dbt_employee_details.Department_stg
[0m18:31:52.030259 [debug] [Thread-3  ]: Finished running node model.dbt_employee_details.Employee_stg
[0m18:31:52.983423 [debug] [Thread-2  ]: Sending event: {'category': 'dbt', 'action': 'run_model', 'label': '6e49068a-9b0e-4ad2-bf18-9afa47ce4d19', 'context': [<snowplow_tracker.self_describing_json.SelfDescribingJson object at 0x0000026468BAFAF0>]}
[0m18:31:52.986975 [info ] [Thread-2  ]: 2 of 3 OK created sql incremental model Employee_Details_cur.EmployeeDepartment_cur  [[32mMERGE (100.0 rows, 30.3 KiB processed)[0m in 4.66s]
[0m18:31:52.989988 [debug] [Thread-2  ]: Finished running node model.dbt_employee_details.EmployeeDepartment_cur
[0m18:31:52.992527 [debug] [MainThread]: Opening a new connection, currently in state closed
[0m18:31:53.037025 [debug] [MainThread]: Connection 'master' was properly closed.
[0m18:31:53.038301 [debug] [MainThread]: Connection 'list_gcp-de-batch-sim-5' was properly closed.
[0m18:31:53.040785 [debug] [MainThread]: Connection 'list_gcp-de-batch-sim-5_Employee_Details_cur' was properly closed.
[0m18:31:53.041790 [debug] [MainThread]: Connection 'model.dbt_employee_details.Department_stg' was properly closed.
[0m18:31:53.043895 [debug] [MainThread]: Connection 'model.dbt_employee_details.EmployeeDepartment_cur' was properly closed.
[0m18:31:53.044898 [debug] [MainThread]: Connection 'model.dbt_employee_details.Employee_stg' was properly closed.
[0m18:31:53.047178 [info ] [MainThread]: 
[0m18:31:53.048180 [info ] [MainThread]: Finished running 1 incremental model, 2 view models in 0 hours 0 minutes and 7.07 seconds (7.07s).
[0m18:31:53.051653 [debug] [MainThread]: Command end result
[0m18:31:53.106067 [debug] [MainThread]: Wrote artifact WritableManifest to D:\Learning\GCP Data Engineer\PDE Projects\git-repo\gcp-de-dbt-trans\target\manifest.json
[0m18:31:53.113074 [debug] [MainThread]: Wrote artifact SemanticManifest to D:\Learning\GCP Data Engineer\PDE Projects\git-repo\gcp-de-dbt-trans\target\semantic_manifest.json
[0m18:31:53.128262 [debug] [MainThread]: Wrote artifact RunExecutionResult to D:\Learning\GCP Data Engineer\PDE Projects\git-repo\gcp-de-dbt-trans\target\run_results.json
[0m18:31:53.129482 [info ] [MainThread]: 
[0m18:31:53.130862 [info ] [MainThread]: [32mCompleted successfully[0m
[0m18:31:53.133428 [info ] [MainThread]: 
[0m18:31:53.136974 [info ] [MainThread]: Done. PASS=3 WARN=0 ERROR=0 SKIP=0 NO-OP=0 TOTAL=3
[0m18:31:53.140988 [debug] [MainThread]: Command `dbt run` succeeded at 18:31:53.140988 after 19.06 seconds
[0m18:31:53.143995 [debug] [MainThread]: Sending event: {'category': 'dbt', 'action': 'invocation', 'label': 'end', 'context': [<snowplow_tracker.self_describing_json.SelfDescribingJson object at 0x0000026441929250>, <snowplow_tracker.self_describing_json.SelfDescribingJson object at 0x00000264681D5880>, <snowplow_tracker.self_describing_json.SelfDescribingJson object at 0x00000264689741C0>]}
[0m18:31:53.146528 [debug] [MainThread]: Flushing usage events
[0m18:31:54.572567 [debug] [MainThread]: An error was encountered while trying to flush usage events
[0m17:06:23.378258 [debug] [MainThread]: Sending event: {'category': 'dbt', 'action': 'invocation', 'label': 'start', 'context': [<snowplow_tracker.self_describing_json.SelfDescribingJson object at 0x0000021D8D56D220>, <snowplow_tracker.self_describing_json.SelfDescribingJson object at 0x0000021D8E883DC0>, <snowplow_tracker.self_describing_json.SelfDescribingJson object at 0x0000021D8E883FA0>]}


============================== 17:06:23.389714 | ba90cbff-469d-4931-ae72-542d9333d92b ==============================
[0m17:06:23.389714 [info ] [MainThread]: Running with dbt=1.11.0-b3
[0m17:06:23.390712 [debug] [MainThread]: running dbt with arguments {'printer_width': '80', 'indirect_selection': 'eager', 'write_json': 'True', 'log_cache_events': 'False', 'partial_parse': 'True', 'cache_selected_only': 'False', 'profiles_dir': 'C:\\Users\\devas\\.dbt', 'fail_fast': 'False', 'version_check': 'True', 'log_path': 'd:\\Learning\\GCP Data Engineer\\PDE Projects\\git-repo\\gcp-de-dbt-trans\\logs', 'debug': 'False', 'warn_error': 'None', 'use_colors': 'True', 'use_experimental_parser': 'False', 'no_print': 'None', 'quiet': 'False', 'empty': 'None', 'warn_error_options': 'WarnErrorOptionsV2(error=[], warn=[], silence=[])', 'static_parser': 'True', 'introspect': 'True', 'invocation_command': 'dbt ', 'target_path': 'None', 'log_format': 'default', 'send_anonymous_usage_stats': 'True'}
[0m17:06:23.815053 [debug] [MainThread]: Sending event: {'category': 'dbt', 'action': 'project_id', 'label': 'ba90cbff-469d-4931-ae72-542d9333d92b', 'context': [<snowplow_tracker.self_describing_json.SelfDescribingJson object at 0x0000021D8E883FA0>]}
[0m17:06:23.893756 [info ] [MainThread]: Warning: No packages were found in packages.yml
[0m17:06:23.899231 [info ] [MainThread]: Warning: No packages were found in packages.yml
[0m17:06:23.901230 [debug] [MainThread]: Command `cli deps` succeeded at 17:06:23.901230 after 0.80 seconds
[0m17:06:23.902231 [debug] [MainThread]: Sending event: {'category': 'dbt', 'action': 'invocation', 'label': 'end', 'context': [<snowplow_tracker.self_describing_json.SelfDescribingJson object at 0x0000021D8D56D220>, <snowplow_tracker.self_describing_json.SelfDescribingJson object at 0x0000021D8E883FA0>, <snowplow_tracker.self_describing_json.SelfDescribingJson object at 0x0000021D8E97FF70>]}
[0m17:06:23.903228 [debug] [MainThread]: Flushing usage events
[0m17:06:25.411726 [debug] [MainThread]: An error was encountered while trying to flush usage events
